,season,team,conference,seed,round,tempo_adj,tempo_adj_rank,tempo_raw,tempo_raw_rank,avg_poss_length_offense,avg_poss_length_offense_rank,avg_poss_length_defense,avg_poss_length_defense_rank,off_efficiency_adj,off_efficiency_adj_rank,off_efficiency_raw,off_efficiency_raw_rank,def_efficiency_adj,def_efficiency_adj_rank,def_efficiency_raw,def_efficiency_raw_rank,3_p_%_d,3_p_%_rank_d,2_p_%_d,2_p_%_rank_d,ft_%_d,ft_%_rank_d,blk_%_d,blk_%_rank_d,stl_%_d,stl_%_rank_d,a_%_d,a_%_rank_d,3_pa_%_d,3_pa_%_rank_d,adj_de_d,adj_de_rank_d,3_p_%,3_p_%_rank,2_p_%,2_p_%_rank,ft_%,ft_%_rank,blk_%,blk_%_rank,stl_%,stl_%_rank,a_%,a_%_rank,3_pa_%,3_pa_%_rank,adj_oe_x,adj_oe_rank_x,adj_tempo,adj_tempo_rank,off_e_fg_%,off_e_fg_%_rank,off_to_%,off_to_%_rank,off_or_%,off_or_%_rank,off_ft_rate,off_ft_rate_rank,adj_de,adj_de_rank,def_e_fg_%,def_e_fg_%_rank,def_to_%,def_to_%_rank,def_or_%,def_or_%_rank,def_ft_rate,def_ft_rate_rank,avg_hgt,avg_hgt_rank,eff_hgt,eff_hgt_rank,c_hgt,c_hgt_rank,pf_hgt,pf_hgt_rank,sf_hgt,sf_hgt_rank,sg_hgt,sg_hgt_rank,pg_hgt,pg_hgt_rank,experience,experience_rank,bench,bench_rank,continuity,continuity_rank,off_ft,off_ft_rank,off_2_p,off_2_p_rank,off_3_p,off_3_p_rank,def_ft,def_ft_rank,def_2_p,def_2_p_rank,def_3_p,def_3_p_rank,labels,proj_round,proj_round_team
4902,2023,Houston,4,1.0,,63.3,343.0,64.8,327.0,19.0,324.0,17.9,248.0,118.4,11.0,116.0,4.0,89.6,4.0,87.4,1.0,27.8,2.0,43.1,4.0,69.0,47.0,16.4,1.0,12.8,13.0,9.2,147.0,53.6,252.0,43.7,342.0,34.5,154.0,53.2,61.0,71.9,175.0,6.6,22.0,8.4,78.0,6.9,18.0,53.8,98.0,37.8,168.0,63.3,343.0,52.7,70.0,15.3,27.0,37.1,4.0,28.5,274.0,89.6,4.0,42.5,3.0,22.0,22.0,27.4,128.0,35.8,286.0,76.7,232.0,-0.6,248.0,-1.3,305.0,0.1,155.0,-0.1,197.0,-0.7,276.0,0.3,160.0,1.54,259.0,27.5,261.0,39.5,203.0,16.3,298.0,52.7,113.0,31.0,174.0,22.5,26.0,44.2,345.0,33.3,93.0,16,33.0,15.357412724755521
4708,2023,Creighton,7,6.0,,68.0,149.0,69.4,104.0,17.3,131.0,17.1,67.0,114.6,28.0,109.6,47.0,94.0,15.0,97.6,61.0,34.1,193.0,45.6,21.0,72.9,254.0,9.5,130.0,7.5,311.0,6.8,358.0,47.1,85.0,29.8,9.0,36.0,77.0,54.5,30.0,76.7,30.0,8.3,137.0,8.8,133.0,7.8,66.0,57.8,31.0,42.0,62.0,68.0,149.0,54.3,27.0,16.6,68.0,25.5,271.0,28.1,289.0,94.0,15.0,47.3,42.0,14.3,356.0,23.3,13.0,19.8,2.0,77.9,61.0,1.7,21.0,2.9,6.0,0.5,110.0,1.3,42.0,0.2,156.0,-0.8,270.0,2.03,160.0,20.5,349.0,53.9,82.0,16.6,285.0,48.6,260.0,34.9,66.0,13.2,359.0,58.8,7.0,28.0,279.0,12,43.58139534883721,24.296128455751628
4563,2023,Alabama,27,1.0,,72.7,4.0,72.8,12.0,15.2,5.0,17.7,209.0,116.1,19.0,110.9,32.0,88.6,3.0,91.8,5.0,28.1,3.0,41.2,1.0,71.4,163.0,11.3,61.0,8.2,263.0,7.8,305.0,41.8,15.0,30.6,18.0,33.8,186.0,54.6,29.0,72.6,147.0,11.4,339.0,9.8,251.0,9.1,202.0,54.8,78.0,47.8,8.0,72.7,4.0,52.7,67.0,19.0,241.0,33.8,30.0,36.7,50.0,88.6,3.0,41.5,1.0,15.9,305.0,27.5,138.0,32.8,225.0,78.1,46.0,2.0,11.0,1.8,29.0,2.2,8.0,1.5,26.0,-0.4,252.0,0.1,176.0,1.53,261.0,35.9,56.0,25.8,280.0,20.2,69.0,43.1,353.0,36.7,32.0,22.0,37.0,53.8,77.0,24.2,353.0,19,28.29268292682927,30.118473118857192
4701,2023,Indiana,5,4.0,,68.1,142.0,68.5,158.0,16.4,47.0,18.7,354.0,114.7,27.0,108.9,60.0,97.3,43.0,99.7,91.0,33.2,130.0,45.7,23.0,70.5,114.0,13.6,14.0,8.4,243.0,7.9,294.0,48.1,104.0,38.2,216.0,37.0,34.0,53.2,62.0,71.2,207.0,7.3,54.0,9.6,225.0,7.4,33.0,54.2,86.0,26.3,355.0,68.1,142.0,53.8,35.0,16.9,87.0,28.0,202.0,30.1,221.0,97.3,43.0,47.3,41.0,16.3,296.0,27.8,153.0,30.6,166.0,78.6,20.0,0.3,128.0,-0.3,192.0,0.9,70.0,1.4,34.0,2.4,8.0,3.0,8.0,2.5,67.0,29.6,212.0,60.1,41.0,16.6,283.0,60.7,6.0,22.7,347.0,18.6,152.0,48.6,259.0,32.8,105.0,1,30.50980392156863,31.670646962476408
4881,2023,Purdue,5,1.0,,64.4,322.0,64.2,339.0,19.2,334.0,18.1,299.0,119.4,7.0,113.4,11.0,94.8,26.0,97.5,56.0,31.4,46.0,47.3,60.0,73.6,285.0,9.7,121.0,7.4,315.0,8.0,282.0,51.5,196.0,35.4,122.0,32.6,255.0,54.1,35.0,74.3,84.0,8.6,166.0,9.3,188.0,7.7,52.0,60.9,14.0,38.1,153.0,64.4,322.0,52.2,90.0,17.0,89.0,38.3,3.0,37.2,39.0,94.8,26.0,47.2,39.0,15.5,329.0,23.3,14.0,19.3,1.0,78.6,21.0,3.4,1.0,5.4,2.0,1.4,28.0,0.8,78.0,0.5,123.0,-0.7,257.0,1.43,284.0,31.7,155.0,37.1,228.0,21.0,45.0,50.8,186.0,28.2,268.0,13.1,361.0,56.3,26.0,30.7,186.0,12,43.58139534883721,34.08917611886995
4885,2023,Iowa St.,6,6.0,,64.3,326.0,65.8,290.0,18.8,305.0,17.6,169.0,109.9,96.0,103.1,174.0,91.6,8.0,94.9,21.0,33.8,160.0,49.6,157.0,71.9,191.0,11.2,69.0,13.3,9.0,11.8,8.0,57.5,320.0,46.8,355.0,33.9,179.0,50.7,165.0,67.4,316.0,7.7,80.0,10.3,302.0,9.5,241.0,54.9,77.0,33.8,284.0,64.3,326.0,50.7,178.0,19.8,284.0,33.9,27.0,27.8,297.0,91.6,8.0,50.1,152.0,25.1,2.0,26.6,91.0,40.0,338.0,77.3,147.0,0.5,107.0,0.6,106.0,0.3,131.0,-1.0,304.0,0.4,134.0,0.6,122.0,3.34,6.0,31.1,178.0,41.9,186.0,15.6,323.0,55.8,41.0,28.6,255.0,22.3,32.0,40.9,360.0,36.8,26.0,16,33.0,34.29305618205461
4576,2023,Memphis,4,8.0,,71.8,17.0,72.6,16.0,15.8,17.0,17.2,86.0,114.7,26.0,108.5,66.0,96.0,35.0,97.7,62.0,30.8,28.0,47.2,56.0,73.9,293.0,13.2,20.0,11.8,28.0,9.1,157.0,55.7,290.0,42.9,333.0,35.6,99.0,53.1,66.0,74.7,67.0,9.6,255.0,10.1,277.0,8.3,119.0,54.6,81.0,28.8,344.0,71.8,17.0,53.2,51.0,18.4,207.0,31.0,98.0,35.9,60.0,96.0,35.0,46.8,28.0,20.9,49.0,32.3,322.0,34.9,270.0,76.8,220.0,0.1,165.0,-0.0,171.0,0.1,151.0,-0.0,170.0,-0.4,245.0,-0.9,278.0,3.16,11.0,36.7,46.0,28.8,264.0,20.1,75.0,56.8,28.0,23.1,342.0,21.6,43.0,45.1,339.0,33.2,95.0,13,47.54545454545455,34.41275737031415
4630,2023,Illinois,5,9.0,,69.4,71.0,69.3,111.0,17.0,104.0,17.6,176.0,112.2,58.0,106.3,104.0,95.7,32.0,96.0,36.0,33.6,145.0,45.3,16.0,70.2,99.0,14.0,7.0,9.8,128.0,8.9,179.0,44.7,41.0,30.9,22.0,30.9,331.0,55.3,17.0,68.0,307.0,8.1,109.0,9.6,231.0,8.6,152.0,46.7,284.0,41.9,65.0,69.4,71.0,51.6,120.0,18.2,189.0,32.3,61.0,33.8,99.0,95.7,32.0,46.9,29.0,18.6,136.0,26.8,104.0,29.6,138.0,78.7,15.0,1.3,38.0,0.6,112.0,2.0,11.0,1.6,23.0,2.3,10.0,1.6,43.0,1.35,293.0,31.6,161.0,14.5,342.0,18.3,183.0,51.0,173.0,30.8,182.0,18.2,186.0,54.7,55.0,27.2,306.0,11,46.94736842105263,34.548442846455046
4699,2023,USC,23,10.0,,68.1,140.0,68.6,155.0,16.9,86.0,18.2,318.0,113.1,43.0,105.6,122.0,97.5,48.0,97.7,63.0,33.4,137.0,42.4,2.0,71.9,189.0,13.7,12.0,10.2,95.0,7.8,303.0,56.3,303.0,37.4,186.0,34.5,152.0,51.2,133.0,74.4,83.0,7.8,89.0,9.9,260.0,8.3,113.0,51.7,143.0,32.9,300.0,68.1,140.0,51.4,135.0,18.1,174.0,29.0,162.0,33.8,100.0,97.5,48.0,45.2,9.0,18.0,176.0,32.6,328.0,29.8,142.0,79.0,5.0,1.7,16.0,1.5,43.0,1.9,13.0,1.6,24.0,2.1,13.0,2.4,18.0,2.13,140.0,26.1,289.0,46.9,146.0,19.7,97.0,53.7,91.0,26.7,303.0,19.1,127.0,47.4,299.0,33.5,87.0,3,33.4,34.72402495661264
4789,2023,UCLA,23,2.0,,66.3,230.0,67.3,213.0,17.8,201.0,17.9,253.0,114.9,25.0,109.7,44.0,87.2,1.0,89.6,3.0,31.1,34.0,46.8,45.0,69.7,78.0,11.9,50.0,12.5,16.0,11.1,19.0,51.3,192.0,39.3,252.0,34.7,143.0,50.4,181.0,72.2,162.0,6.3,15.0,6.9,3.0,8.3,115.0,50.9,167.0,29.1,339.0,66.3,230.0,50.9,170.0,15.2,26.0,33.6,33.0,27.1,316.0,87.2,1.0,46.8,27.0,23.6,11.0,27.6,142.0,27.6,77.0,77.0,197.0,0.2,144.0,0.7,102.0,-0.3,226.0,-0.1,172.0,0.5,122.0,-1.4,309.0,2.28,107.0,27.7,251.0,46.7,151.0,16.2,304.0,58.9,17.0,25.0,328.0,17.1,241.0,50.4,203.0,32.5,114.0,16,33.0,35.00127848955839
4804,2023,Nevada,19,11.0,,66.1,245.0,66.2,274.0,17.5,164.0,18.4,341.0,112.0,61.0,106.5,103.0,97.2,42.0,99.3,84.0,32.5,86.0,49.3,148.0,73.7,288.0,9.7,123.0,9.0,188.0,9.7,84.0,52.9,235.0,42.2,324.0,33.8,183.0,50.3,188.0,79.2,6.0,8.5,159.0,7.5,27.0,7.7,53.0,58.1,28.0,37.4,181.0,66.1,245.0,50.5,190.0,15.2,25.0,22.9,332.0,39.5,22.0,97.2,42.0,49.0,101.0,18.7,128.0,25.1,44.0,31.4,187.0,78.7,17.0,0.8,77.0,1.6,36.0,0.0,178.0,0.9,59.0,2.4,9.0,2.9,9.0,2.1,148.0,22.8,337.0,44.7,166.0,23.7,7.0,47.6,281.0,28.7,248.0,19.1,130.0,47.0,308.0,33.9,68.0,5,48.88,35.050927654010536
4667,2023,Utah St.,19,10.0,,68.8,108.0,69.1,123.0,17.0,107.0,17.7,205.0,117.8,13.0,112.0,20.0,98.9,64.0,100.7,113.0,34.3,211.0,45.9,27.0,74.2,299.0,8.7,172.0,7.1,332.0,8.7,201.0,46.9,79.0,33.7,64.0,38.5,11.0,54.1,36.0,76.7,29.0,7.6,75.0,8.0,51.0,9.4,230.0,62.3,10.0,42.1,61.0,68.8,108.0,55.6,12.0,17.4,118.0,27.4,219.0,35.5,65.0,98.9,64.0,47.8,56.0,15.8,314.0,24.8,36.0,30.3,154.0,78.2,32.0,1.5,33.0,1.1,71.0,1.8,17.0,2.2,3.0,0.7,110.0,-0.1,203.0,2.88,27.0,23.3,335.0,45.7,159.0,19.7,94.0,45.2,323.0,35.1,60.0,19.0,133.0,51.5,153.0,29.5,223.0,12,43.58139534883721,35.25641922115748
4603,2023,Gonzaga,32,3.0,,70.1,44.0,71.5,34.0,16.1,33.0,17.6,175.0,124.0,1.0,120.4,2.0,99.7,76.0,103.0,171.0,35.0,248.0,51.2,228.0,73.5,280.0,9.0,147.0,10.1,101.0,8.6,209.0,45.3,52.0,39.4,258.0,38.4,12.0,58.9,2.0,70.2,245.0,5.6,5.0,7.4,21.0,7.2,29.0,50.7,173.0,32.8,303.0,70.1,44.0,58.5,2.0,14.6,11.0,31.1,97.0,34.2,95.0,99.7,76.0,51.7,245.0,18.8,127.0,26.0,70.0,26.7,57.0,78.0,51.0,0.9,68.0,0.7,94.0,1.1,46.0,1.2,46.0,0.4,136.0,1.4,56.0,2.65,43.0,24.9,314.0,67.0,19.0,17.0,256.0,56.2,32.0,26.8,301.0,15.9,307.0,50.4,204.0,33.6,81.0,8,40.15909090909091,36.07536530915765
4568,2023,Arizona,23,2.0,,72.3,9.0,72.9,10.0,15.7,14.0,17.3,92.0,120.0,4.0,113.2,13.0,97.1,41.0,98.2,68.0,32.8,99.0,45.9,28.0,71.4,161.0,8.3,197.0,8.4,242.0,8.6,218.0,49.4,143.0,38.7,233.0,38.2,14.0,56.6,9.0,70.9,217.0,9.3,225.0,10.8,326.0,7.5,40.0,65.3,4.0,38.0,158.0,72.3,9.0,56.8,3.0,18.4,203.0,31.1,96.0,36.5,53.0,97.1,41.0,47.2,38.0,16.9,248.0,26.2,79.0,26.0,41.0,78.5,25.0,2.5,5.0,2.6,10.0,2.3,5.0,0.3,127.0,-0.1,193.0,1.7,41.0,2.59,54.0,26.0,293.0,44.7,165.0,18.5,168.0,50.3,209.0,31.2,170.0,16.5,274.0,49.9,221.0,33.7,78.0,19,28.29268292682927,36.374976133911396
4769,2023,Connecticut,7,4.0,,66.7,210.0,68.6,154.0,18.0,230.0,17.1,53.0,119.4,6.0,114.2,9.0,94.1,18.0,95.1,22.0,30.0,15.0,45.8,26.0,73.6,286.0,12.9,24.0,9.5,148.0,9.9,77.0,41.0,12.0,30.3,14.0,35.7,92.0,53.4,56.0,75.4,47.0,8.3,127.0,9.7,240.0,9.1,204.0,62.6,9.0,42.0,64.0,66.7,210.0,53.5,44.0,18.9,234.0,39.2,1.0,31.4,179.0,94.1,18.0,45.5,11.0,19.4,100.0,26.2,80.0,38.7,321.0,78.3,29.0,1.0,61.0,1.4,53.0,0.6,101.0,0.4,122.0,1.6,34.0,2.1,30.0,2.24,116.0,29.5,214.0,32.8,250.0,18.2,191.0,47.4,283.0,34.4,82.0,23.8,8.0,53.4,89.0,22.8,361.0,19,28.29268292682927,36.50797599844351
4847,2023,Duke,1,5.0,,65.3,288.0,65.7,294.0,18.6,294.0,17.8,222.0,113.2,42.0,110.2,38.0,94.8,24.0,96.9,47.0,30.4,21.0,46.7,42.0,76.5,355.0,12.0,42.0,8.7,217.0,8.0,289.0,47.9,99.0,35.1,108.0,33.6,197.0,51.5,114.0,77.0,25.0,9.6,261.0,9.3,191.0,8.9,178.0,56.7,45.0,35.4,249.0,65.3,288.0,51.1,157.0,18.2,191.0,36.2,8.0,30.8,204.0,94.8,24.0,46.3,21.0,16.6,273.0,25.9,67.0,24.1,15.0,79.3,1.0,3.0,3.0,3.2,4.0,2.9,3.0,2.1,7.0,1.8,25.0,1.1,79.0,1.35,295.0,31.8,154.0,15.8,337.0,18.9,150.0,52.8,109.0,28.3,263.0,16.6,264.0,54.6,58.0,28.8,241.0,5,48.88,36.751167655349924
4694,2023,Marquette,7,2.0,,68.4,135.0,69.6,98.0,15.7,13.0,18.7,356.0,119.3,8.0,113.2,12.0,97.5,47.0,100.1,95.0,35.2,257.0,50.0,173.0,69.8,81.0,8.7,165.0,13.3,8.0,9.5,114.0,58.6,332.0,37.5,193.0,34.8,137.0,58.8,5.0,72.1,170.0,9.6,254.0,8.0,48.0,7.2,26.0,59.4,16.0,41.9,66.0,68.4,135.0,56.0,8.0,15.2,23.0,26.5,242.0,27.1,317.0,97.5,47.0,51.1,209.0,22.8,18.0,32.1,319.0,29.0,119.0,77.2,159.0,0.4,111.0,0.1,152.0,0.8,87.0,-0.6,258.0,0.1,174.0,0.1,175.0,1.31,298.0,27.1,270.0,51.6,104.0,14.8,338.0,52.0,144.0,33.2,115.0,16.5,268.0,51.1,173.0,32.4,118.0,8,40.15909090909091,36.76423975117512
4837,2023,Tennessee,27,4.0,,65.5,278.0,66.2,271.0,18.1,231.0,17.9,257.0,112.7,49.0,108.5,68.0,88.0,2.0,87.5,2.0,26.2,1.0,44.6,9.0,72.2,209.0,11.8,51.0,12.4,18.0,9.8,82.0,50.1,159.0,41.6,316.0,32.9,227.0,50.9,150.0,71.4,203.0,8.5,154.0,10.2,297.0,7.9,80.0,66.2,2.0,40.4,96.0,65.5,278.0,50.3,196.0,18.1,175.0,36.8,5.0,30.9,201.0,88.0,2.0,42.4,2.0,22.2,21.0,26.9,107.0,34.9,269.0,77.3,138.0,1.7,23.0,1.9,25.0,1.4,27.0,0.5,109.0,-0.4,250.0,-2.2,334.0,2.16,132.0,36.7,44.0,50.3,120.0,18.0,198.0,49.5,237.0,32.5,126.0,22.9,20.0,47.3,301.0,29.8,215.0,16,33.0,37.364347090817674
4661,2023,Iona,15,13.0,,68.9,102.0,68.9,133.0,16.0,28.0,18.8,360.0,110.9,79.0,110.7,35.0,99.1,67.0,94.0,12.0,29.2,8.0,47.0,51.0,70.2,96.0,14.7,4.0,10.8,60.0,10.2,53.0,50.6,172.0,34.6,89.0,36.0,78.0,50.8,156.0,73.1,131.0,6.5,21.0,7.8,40.0,7.6,43.0,53.3,106.0,32.1,313.0,68.9,102.0,51.9,106.0,15.3,28.0,32.0,70.0,29.0,261.0,99.1,67.0,45.9,17.0,21.0,44.0,30.4,272.0,31.3,183.0,77.5,111.0,1.5,35.0,1.7,34.0,1.3,39.0,-1.4,336.0,-0.4,247.0,0.9,104.0,1.72,221.0,26.0,292.0,40.0,199.0,17.0,258.0,55.3,50.0,27.7,285.0,19.3,117.0,54.1,64.0,26.6,318.0,19,28.29268292682927,38.37532178996525
4608,2023,TCU,6,6.0,,69.8,49.0,70.9,41.0,16.4,45.0,17.7,198.0,112.4,53.0,105.5,126.0,94.3,20.0,95.6,31.0,30.4,20.0,49.1,133.0,71.1,150.0,12.5,34.0,11.6,40.0,10.4,46.0,55.9,296.0,35.0,106.0,30.6,340.0,51.9,94.0,70.1,249.0,10.1,286.0,9.1,166.0,8.1,86.0,58.6,20.0,29.4,338.0,69.8,49.0,50.2,201.0,17.1,96.0,32.4,59.0,33.9,98.0,94.3,20.0,47.8,60.0,21.9,24.0,30.7,287.0,29.7,140.0,77.6,99.0,0.1,156.0,0.1,148.0,0.1,158.0,1.2,45.0,0.8,74.0,0.2,173.0,2.52,65.0,39.0,13.0,79.7,3.0,19.1,131.0,59.1,14.0,21.8,349.0,18.1,189.0,54.6,57.0,27.3,301.0,11,46.94736842105263,38.56266067660238
4638,2023,Kansas,6,1.0,,69.3,79.0,70.1,74.0,16.5,54.0,17.7,201.0,114.6,29.0,106.1,109.0,91.5,7.0,96.3,40.0,31.2,39.0,47.2,57.0,72.3,221.0,10.0,108.0,12.5,17.0,7.8,306.0,46.2,68.0,35.1,111.0,34.4,158.0,52.9,69.0,71.7,186.0,7.3,56.0,8.6,104.0,8.9,175.0,59.5,15.0,34.1,277.0,69.3,79.0,52.4,76.0,17.5,127.0,28.4,187.0,29.8,232.0,91.5,7.0,47.1,34.0,20.2,68.0,28.3,175.0,31.2,182.0,77.5,117.0,0.1,153.0,-0.7,252.0,1.0,65.0,1.6,22.0,0.2,154.0,-0.2,212.0,1.67,232.0,18.1,361.0,36.9,229.0,16.9,262.0,55.2,57.0,27.9,278.0,19.4,114.0,52.5,121.0,28.2,275.0,11,46.94736842105263,38.8310523288808
4597,2023,Oral Roberts,30,12.0,,70.5,38.0,70.7,48.0,16.0,27.0,17.9,239.0,115.3,23.0,116.5,3.0,102.0,107.0,99.0,79.0,34.2,201.0,46.6,38.0,71.9,188.0,13.6,13.0,9.6,143.0,8.0,285.0,46.2,69.0,39.9,274.0,37.0,35.0,56.6,8.0,78.4,10.0,7.8,93.0,7.1,10.0,6.1,5.0,48.0,249.0,45.8,16.0,70.5,38.0,56.1,7.0,13.2,1.0,24.5,305.0,24.6,344.0,102.0,107.0,48.5,84.0,17.6,211.0,27.4,135.0,22.0,6.0,77.2,156.0,1.8,15.0,4.5,3.0,-0.8,289.0,-0.1,190.0,-2.0,341.0,-0.8,276.0,2.91,26.0,22.5,341.0,66.0,27.0,14.7,342.0,46.6,299.0,38.7,12.0,14.0,355.0,49.7,228.0,36.3,29.0,8,40.15909090909091,38.89764395836807
4650,2023,Texas,6,2.0,,69.1,91.0,70.3,66.0,16.4,53.0,17.7,208.0,116.6,18.0,109.4,51.0,92.0,11.0,94.4,17.0,32.7,97.0,47.1,53.0,72.4,224.0,10.2,100.0,11.3,45.0,11.5,11.0,48.3,114.0,35.4,124.0,33.9,180.0,53.8,46.0,75.2,52.0,8.3,135.0,8.1,53.0,8.4,129.0,57.1,37.0,35.0,256.0,69.1,91.0,52.7,65.0,16.5,65.0,28.3,192.0,31.5,175.0,92.0,11.0,47.8,57.0,22.8,19.0,29.4,226.0,34.5,257.0,76.5,268.0,-0.7,278.0,-0.9,271.0,-0.6,263.0,-0.1,205.0,-0.7,274.0,-0.4,228.0,3.34,7.0,33.3,112.0,46.7,150.0,18.4,178.0,54.1,80.0,27.5,287.0,20.7,63.0,50.5,198.0,28.8,246.0,15,40.24324324324324,40.116741985498976
4599,2023,Kansas St.,6,3.0,,70.2,40.0,70.7,49.0,16.4,44.0,17.6,171.0,112.5,52.0,105.0,139.0,94.2,19.0,95.8,34.0,30.1,16.0,48.8,112.0,69.2,54.0,7.7,233.0,10.7,63.0,10.0,73.0,56.0,299.0,36.8,163.0,34.0,174.0,51.8,102.0,75.0,60.0,10.6,311.0,10.4,308.0,9.6,250.0,64.0,6.0,36.3,220.0,70.2,40.0,51.5,124.0,20.0,299.0,31.1,95.0,37.0,46.0,94.2,19.0,47.5,48.0,20.7,55.0,29.2,221.0,36.7,298.0,76.3,311.0,0.8,79.0,0.7,104.0,0.9,69.0,-0.4,236.0,-0.9,284.0,-4.4,360.0,2.82,30.0,24.4,325.0,19.5,316.0,21.2,39.0,50.5,201.0,28.3,265.0,21.1,55.0,51.3,161.0,27.6,297.0,11,46.94736842105263,40.42902800886437
4598,2023,Xavier,7,3.0,,70.4,39.0,71.9,30.0,16.4,50.0,17.1,57.0,119.3,9.0,112.8,16.0,99.6,70.0,102.9,167.0,35.9,282.0,48.7,106.0,72.4,229.0,7.8,227.0,9.1,181.0,7.5,332.0,54.3,265.0,34.2,77.0,39.5,3.0,54.0,38.0,71.4,202.0,9.4,238.0,9.9,265.0,7.6,44.0,63.8,7.0,31.3,320.0,70.4,39.0,55.6,10.0,17.5,129.0,31.8,77.0,30.8,206.0,99.6,70.0,50.4,171.0,16.5,280.0,25.4,52.0,27.1,66.0,78.4,26.0,1.6,28.0,2.0,20.0,1.1,43.0,0.7,92.0,0.9,68.0,1.9,33.0,3.0,16.0,25.3,302.0,59.1,46.0,16.5,288.0,55.6,43.0,27.9,281.0,16.3,283.0,53.2,95.0,30.5,193.0,12,43.58139534883721,40.796012712809585
4811,2023,San Diego St.,19,5.0,,66.0,252.0,66.5,254.0,17.5,165.0,18.5,348.0,111.9,64.0,106.7,99.0,91.7,10.0,95.1,23.0,29.2,7.0,49.9,170.0,73.6,284.0,11.3,60.0,10.6,71.0,8.9,171.0,47.2,88.0,40.1,280.0,34.4,160.0,49.4,220.0,73.6,118.0,7.9,97.0,9.4,204.0,8.2,99.0,51.9,141.0,34.9,261.0,66.0,252.0,50.1,206.0,17.6,137.0,31.7,78.0,34.3,92.0,91.7,10.0,47.5,46.0,19.6,92.0,25.8,64.0,29.4,130.0,76.7,241.0,0.1,152.0,0.3,140.0,0.0,183.0,-0.1,193.0,-0.4,249.0,-1.6,318.0,2.96,21.0,37.5,30.0,61.3,39.0,20.1,77.0,51.2,159.0,28.6,254.0,18.6,155.0,51.3,162.0,30.1,201.0,16,33.0,40.833026830211715
4918,2023,Saint Mary's,32,5.0,,61.7,359.0,63.6,346.0,20.4,359.0,17.5,142.0,113.5,40.0,110.4,37.0,91.6,9.0,93.4,10.0,32.8,98.0,45.6,22.0,75.2,337.0,9.9,112.0,10.5,75.0,8.5,228.0,36.6,3.0,31.8,29.0,36.7,45.0,50.9,149.0,69.1,282.0,10.1,288.0,7.0,6.0,9.3,222.0,48.7,238.0,37.0,194.0,61.7,359.0,52.5,73.0,16.4,60.0,33.1,45.0,31.2,190.0,91.6,9.0,46.7,26.0,19.0,121.0,21.8,2.0,30.3,155.0,78.1,40.0,1.1,54.0,1.1,70.0,1.0,59.0,1.7,18.0,0.1,167.0,1.2,68.0,1.95,173.0,18.6,357.0,57.0,63.0,17.0,252.0,50.7,191.0,32.2,141.0,19.6,104.0,53.5,85.0,26.9,312.0,14,33.75609756097561,40.965594375141194
4703,2023,Kent St.,16,13.0,,68.1,144.0,69.4,109.0,16.9,92.0,17.7,199.0,108.3,110.0,108.8,64.0,96.4,38.0,95.6,32.0,30.9,30.0,47.8,71.0,72.4,223.0,12.5,31.0,12.3,20.0,10.3,48.0,50.8,177.0,40.7,293.0,33.2,217.0,52.2,84.0,72.3,158.0,7.4,63.0,7.6,33.0,8.7,161.0,45.1,318.0,38.6,141.0,68.1,144.0,51.3,142.0,16.3,58.0,30.8,104.0,32.0,162.0,96.4,38.0,47.2,37.0,22.6,20.0,30.2,261.0,38.8,325.0,75.7,345.0,-0.8,292.0,-0.8,266.0,-0.8,281.0,-1.6,346.0,-2.1,347.0,-1.6,313.0,2.55,60.0,28.6,235.0,55.3,75.0,18.4,173.0,51.0,171.0,30.6,191.0,22.9,19.0,46.3,325.0,30.8,175.0,13,47.54545454545455,41.92501453894874
4919,2023,Virginia,1,4.0,,61.6,360.0,62.4,360.0,19.4,343.0,18.9,361.0,111.2,74.0,108.3,70.0,94.8,25.0,96.2,38.0,34.0,178.0,46.5,37.0,74.8,325.0,13.5,17.0,11.0,51.0,8.6,207.0,52.9,236.0,39.7,268.0,35.3,105.0,50.4,184.0,70.1,250.0,11.0,327.0,7.7,38.0,5.9,2.0,65.8,3.0,36.1,230.0,61.6,360.0,51.3,140.0,13.7,5.0,25.5,270.0,34.5,84.0,94.8,25.0,48.3,78.0,19.7,88.0,25.0,40.0,26.1,42.0,76.6,262.0,0.2,142.0,0.6,113.0,-0.1,209.0,-0.9,299.0,0.1,168.0,-2.1,333.0,3.62,4.0,27.3,266.0,71.6,13.0,19.1,136.0,50.8,187.0,30.1,204.0,16.8,257.0,48.3,275.0,34.9,49.0,16,33.0,42.372342609327205
4724,2023,Auburn,27,9.0,,67.6,165.0,68.7,145.0,17.2,121.0,17.7,202.0,112.7,48.0,105.4,131.0,95.2,29.0,97.3,53.0,28.8,5.0,46.9,48.0,70.5,121.0,13.8,9.0,11.6,39.0,7.7,311.0,48.7,123.0,34.2,78.0,31.4,314.0,51.0,144.0,70.2,243.0,8.6,167.0,10.4,309.0,7.7,51.0,55.0,76.0,35.4,250.0,67.6,165.0,49.6,224.0,18.1,172.0,33.3,43.0,35.5,67.0,95.2,29.0,45.6,12.0,19.3,104.0,32.0,317.0,39.1,331.0,76.9,210.0,1.1,55.0,1.1,73.0,1.1,47.0,0.7,87.0,-2.1,346.0,-1.6,316.0,2.41,84.0,34.6,78.0,58.2,56.0,20.1,79.0,53.1,101.0,26.8,299.0,23.2,14.0,51.9,135.0,24.9,349.0,11,46.94736842105263,42.65130748315205
4664,2023,Miami FL,1,5.0,,68.9,105.0,69.0,128.0,17.0,106.0,17.9,263.0,118.2,12.0,114.5,8.0,103.3,132.0,104.0,201.0,33.6,146.0,51.8,261.0,74.5,312.0,8.8,159.0,10.6,73.0,7.5,325.0,53.3,246.0,37.7,197.0,36.8,44.0,54.9,21.0,77.6,17.0,8.4,143.0,8.6,103.0,7.8,63.0,51.6,145.0,34.6,268.0,68.9,105.0,55.0,20.0,16.4,61.0,32.0,71.0,30.0,227.0,103.3,132.0,51.3,220.0,18.1,170.0,29.0,216.0,24.1,16.0,76.8,224.0,-0.7,273.0,-1.5,325.0,0.1,177.0,0.1,147.0,0.2,152.0,-0.4,227.0,2.88,28.0,24.7,318.0,47.5,139.0,17.5,227.0,53.8,85.0,28.7,250.0,14.9,341.0,53.6,80.0,31.5,158.0,8,40.15909090909091,42.804629705090235
4613,2023,Arkansas,27,8.0,,69.7,54.0,70.1,73.0,17.3,143.0,17.1,63.0,112.6,51.0,105.7,119.0,94.0,16.0,95.8,35.0,30.6,26.0,46.9,47.0,71.4,159.0,13.4,18.0,11.9,26.0,8.4,237.0,44.2,37.0,30.1,11.0,31.7,304.0,53.7,47.0,69.0,287.0,6.7,27.0,9.4,206.0,8.9,176.0,49.6,205.0,28.2,346.0,69.7,54.0,52.0,95.0,18.3,198.0,30.5,119.0,38.7,28.0,94.0,16.0,46.5,23.0,20.4,64.0,28.2,173.0,38.9,327.0,78.8,13.0,0.3,125.0,0.2,142.0,0.5,109.0,1.9,14.0,2.5,6.0,3.3,4.0,1.53,263.0,26.0,291.0,16.6,334.0,20.4,61.0,59.0,15.0,20.5,358.0,23.0,18.0,54.2,62.0,22.8,360.0,11,46.94736842105263,44.02879660892257
4863,2023,Michigan St.,5,7.0,,64.9,304.0,65.4,309.0,18.4,273.0,18.3,322.0,113.4,41.0,106.0,112.0,96.7,40.0,101.6,135.0,31.5,51.0,48.6,101.0,72.1,201.0,8.1,211.0,7.0,339.0,7.7,312.0,52.5,227.0,38.3,221.0,39.5,4.0,47.7,278.0,76.2,37.0,9.4,245.0,8.7,111.0,7.7,60.0,57.6,33.0,33.1,297.0,64.9,304.0,51.6,121.0,16.4,63.0,27.4,221.0,25.8,334.0,96.7,40.0,48.1,71.0,14.7,347.0,25.2,48.0,28.6,108.0,77.7,74.0,0.9,67.0,0.0,165.0,1.9,15.0,0.5,112.0,0.6,115.0,0.2,163.0,2.12,141.0,28.0,245.0,51.1,111.0,16.0,312.0,52.0,141.0,32.0,149.0,17.7,216.0,51.3,163.0,31.0,169.0,18,42.1,46.01071321834536
4781,2023,Drake,18,12.0,,66.4,222.0,66.7,243.0,18.0,226.0,18.0,286.0,109.8,98.0,108.7,65.0,97.3,44.0,94.4,16.0,31.2,37.0,47.5,65.0,69.9,84.0,7.1,274.0,7.8,292.0,9.9,75.0,44.0,35.0,38.4,223.0,36.7,46.0,51.9,95.0,77.1,20.0,6.5,19.0,7.6,30.0,7.9,78.0,49.1,221.0,36.3,217.0,66.4,222.0,53.1,54.0,15.5,29.0,24.3,310.0,28.8,268.0,97.3,44.0,47.3,40.0,17.7,204.0,22.4,3.0,26.7,53.0,76.3,302.0,0.0,167.0,0.2,141.0,-0.2,210.0,-1.2,325.0,-1.6,328.0,-0.9,278.0,2.88,29.0,27.7,253.0,67.0,18.0,17.3,237.0,51.5,155.0,31.1,171.0,16.5,272.0,51.8,140.0,31.8,142.0,17,44.292682926829265,46.59639014394416
4677,2023,Kennesaw St.,3,14.0,,68.5,118.0,69.2,118.0,16.9,101.0,17.6,163.0,106.3,153.0,105.3,134.0,102.7,116.0,101.3,130.0,34.8,232.0,50.5,192.0,69.2,53.0,7.8,229.0,10.5,77.0,9.1,154.0,47.0,81.0,39.3,254.0,37.1,33.0,51.3,126.0,66.3,330.0,8.4,144.0,9.4,209.0,8.5,138.0,54.2,89.0,37.9,162.0,68.5,118.0,52.9,62.0,17.9,158.0,27.5,217.0,36.5,55.0,102.7,116.0,51.2,212.0,19.6,89.0,25.8,65.0,36.2,291.0,75.9,337.0,-1.4,334.0,-1.7,339.0,-1.1,314.0,-1.1,306.0,0.1,165.0,-2.3,336.0,2.57,58.0,29.7,211.0,81.3,2.0,18.6,166.0,49.0,251.0,32.4,133.0,19.7,100.0,48.1,288.0,32.2,125.0,2,63.06382978723404,46.66194816632864
4663,2023,West Virginia,6,9.0,,68.9,104.0,69.9,84.0,17.9,207.0,16.7,23.0,117.1,15.0,109.0,58.0,98.0,52.0,101.5,134.0,34.1,186.0,50.5,194.0,72.7,241.0,8.7,173.0,9.5,147.0,11.3,13.0,50.3,162.0,35.0,105.0,34.8,135.0,51.3,125.0,74.1,91.0,6.4,16.0,9.5,216.0,9.0,185.0,50.5,178.0,36.3,218.0,68.9,104.0,51.7,116.0,18.5,212.0,33.7,32.0,39.7,20.0,98.0,52.0,50.7,190.0,20.9,51.0,29.3,224.0,38.4,317.0,77.4,120.0,0.9,73.0,0.5,122.0,1.3,37.0,0.3,125.0,-0.1,198.0,-0.3,216.0,2.5,68.0,31.1,177.0,17.0,332.0,22.2,21.0,49.2,244.0,28.6,257.0,21.6,44.0,50.8,189.0,27.6,292.0,13,47.54545454545455,46.86695328274688
4625,2023,Iowa,5,8.0,,69.5,66.0,69.6,99.0,16.0,31.0,18.4,329.0,120.5,3.0,113.5,10.0,104.9,167.0,105.7,243.0,36.6,316.0,52.6,296.0,74.4,310.0,8.5,187.0,9.4,156.0,9.1,156.0,51.0,182.0,32.2,36.0,34.3,164.0,52.1,90.0,73.9,107.0,8.8,183.0,8.1,58.0,5.9,3.0,58.1,30.0,37.4,182.0,69.5,66.0,51.9,103.0,14.1,8.0,32.2,66.0,32.6,133.0,104.9,167.0,53.3,308.0,18.5,148.0,27.6,144.0,23.4,12.0,78.3,27.0,0.5,102.0,-0.3,192.0,1.3,33.0,1.5,27.0,1.6,36.0,2.2,21.0,2.24,118.0,27.8,249.0,58.9,51.0,18.8,152.0,51.0,169.0,30.2,202.0,14.1,354.0,57.5,13.0,28.5,259.0,8,40.15909090909091,47.84282556466743
4648,2023,N.C. State,1,11.0,,69.1,89.0,69.8,89.0,16.9,84.0,17.7,197.0,113.9,37.0,111.3,28.0,100.6,85.0,101.2,128.0,32.2,77.0,50.6,199.0,73.4,272.0,12.1,39.0,11.3,44.0,7.7,313.0,45.3,50.0,33.5,56.0,34.9,129.0,51.4,116.0,72.0,173.0,6.7,24.0,7.3,14.0,6.2,6.0,44.9,325.0,37.6,175.0,69.1,89.0,51.8,108.0,13.4,3.0,30.6,111.0,25.3,340.0,100.6,85.0,49.8,137.0,19.1,119.0,26.6,96.0,34.0,254.0,77.0,190.0,0.8,76.0,0.4,132.0,1.3,35.0,-1.2,326.0,-0.6,260.0,-0.1,201.0,2.64,44.0,27.1,272.0,36.2,233.0,15.0,335.0,52.7,112.0,32.3,135.0,20.0,85.0,54.0,68.0,25.9,333.0,8,40.15909090909091,50.39933314679704
4796,2023,Texas A&M,27,7.0,,66.2,237.0,67.4,212.0,17.3,142.0,18.2,315.0,114.5,30.0,108.9,62.0,96.2,37.0,98.1,66.0,32.3,82.0,47.4,62.0,70.4,110.0,7.9,219.0,10.1,104.0,10.9,24.0,59.3,339.0,45.9,352.0,32.8,246.0,49.0,242.0,75.9,40.0,11.2,337.0,10.7,323.0,7.6,45.0,52.8,124.0,33.7,285.0,66.2,237.0,49.0,254.0,18.3,199.0,36.6,6.0,45.9,3.0,96.2,37.0,47.9,62.0,21.0,42.0,30.4,272.0,35.1,274.0,76.7,247.0,-0.3,211.0,-0.7,251.0,0.2,142.0,-0.0,165.0,-1.1,305.0,-0.4,226.0,2.37,89.0,30.8,184.0,52.6,93.0,26.2,2.0,48.8,254.0,24.9,330.0,20.5,67.0,42.6,355.0,36.9,22.0,13,47.54545454545455,50.90438736984237
4810,2023,Kentucky,27,6.0,,66.0,251.0,66.8,236.0,17.6,172.0,18.2,308.0,117.4,14.0,111.8,24.0,99.6,71.0,101.2,125.0,33.1,118.0,48.3,88.0,74.4,311.0,10.2,98.0,9.6,140.0,7.1,348.0,47.9,101.0,35.2,116.0,35.4,104.0,50.4,183.0,70.3,237.0,5.2,2.0,8.8,127.0,8.5,146.0,55.7,61.0,30.1,329.0,66.0,251.0,51.2,150.0,17.3,111.0,38.7,2.0,32.5,137.0,99.6,71.0,48.8,93.0,16.7,263.0,25.5,59.0,29.9,147.0,77.6,92.0,0.8,82.0,-0.3,192.0,1.8,18.0,0.6,104.0,1.1,61.0,-0.7,258.0,2.25,114.0,28.8,232.0,38.0,216.0,18.2,186.0,56.3,30.0,25.5,320.0,18.6,151.0,52.2,131.0,29.2,231.0,12,43.58139534883721,51.34542339880594
4754,2023,Providence,7,11.0,,66.9,195.0,68.4,163.0,17.8,198.0,17.3,107.0,116.8,16.0,111.9,23.0,102.1,108.0,102.7,162.0,33.9,169.0,49.6,160.0,74.4,309.0,11.5,55.0,9.9,116.0,6.9,354.0,48.2,108.0,33.9,68.0,35.1,111.0,50.9,151.0,74.5,75.0,9.6,258.0,8.7,108.0,8.2,112.0,53.4,105.0,31.6,317.0,66.9,195.0,51.5,130.0,16.9,84.0,35.2,16.0,36.8,48.0,102.1,108.0,50.0,148.0,16.9,255.0,26.6,93.0,25.5,31.0,76.5,277.0,0.2,148.0,0.1,153.0,0.2,139.0,-1.8,351.0,-0.2,206.0,-1.1,295.0,2.26,111.0,27.7,252.0,25.4,284.0,21.0,41.0,53.4,96.0,25.6,317.0,16.0,306.0,55.1,45.0,28.9,238.0,12,43.58139534883721,51.39321316643752
4588,2023,Charleston,11,12.0,,71.0,29.0,70.8,44.0,16.0,29.0,17.7,206.0,111.4,70.0,112.5,17.0,99.6,75.0,94.3,14.0,30.3,19.0,49.1,136.0,68.0,28.0,7.8,230.0,10.3,87.0,9.0,170.0,45.1,45.0,32.0,33.0,33.3,210.0,52.9,68.0,74.3,85.0,10.9,324.0,8.1,54.0,8.7,156.0,49.1,223.0,47.4,9.0,71.0,29.0,51.5,127.0,16.7,74.0,35.1,17.0,32.7,132.0,99.6,75.0,47.9,67.0,19.3,107.0,25.5,58.0,24.7,22.0,76.9,208.0,-0.2,205.0,0.1,147.0,-0.6,264.0,-0.5,247.0,-0.4,246.0,0.4,148.0,1.3,301.0,38.2,21.0,40.8,194.0,19.1,135.0,43.7,351.0,37.2,28.0,14.9,339.0,59.3,5.0,25.8,337.0,9,58.45161290322581,51.829704206497
4893,2023,Mississippi St.,27,11.0,,63.8,334.0,65.0,321.0,18.6,291.0,18.1,296.0,105.5,164.0,100.2,254.0,91.3,6.0,92.6,7.0,30.8,27.0,46.2,32.0,71.9,192.0,11.2,68.0,13.4,7.0,8.6,213.0,58.6,331.0,44.0,346.0,26.6,363.0,50.5,172.0,64.7,347.0,7.9,96.0,9.5,218.0,9.8,272.0,59.1,19.0,34.5,272.0,63.8,334.0,46.9,328.0,19.3,257.0,35.2,15.0,34.6,81.0,91.3,6.0,46.2,19.0,22.0,23.0,29.0,214.0,27.6,74.0,77.9,62.0,1.3,41.0,1.7,30.0,0.8,79.0,1.8,16.0,-0.8,277.0,0.5,141.0,2.43,82.0,30.8,183.0,43.4,175.0,19.3,125.0,57.0,24.0,23.7,339.0,17.7,215.0,46.1,328.0,36.2,31.0,0,46.16216216216216,51.91145067971384
4871,2023,Maryland,5,8.0,,64.6,312.0,64.5,335.0,18.2,247.0,19.0,362.0,114.1,35.0,109.0,56.0,95.8,33.0,97.6,60.0,32.1,74.0,47.7,69.0,72.7,243.0,9.9,115.0,8.3,257.0,10.1,56.0,48.1,103.0,31.7,28.0,33.0,221.0,52.0,93.0,73.9,106.0,9.9,275.0,7.1,9.0,9.1,200.0,46.3,299.0,37.5,180.0,64.6,312.0,51.1,154.0,16.2,51.0,30.2,130.0,33.8,102.0,95.8,33.0,47.9,61.0,18.4,152.0,27.2,120.0,27.8,85.0,77.9,63.0,0.2,140.0,-0.6,233.0,1.1,50.0,1.8,15.0,1.2,58.0,0.5,139.0,3.19,10.0,25.0,310.0,45.4,162.0,19.6,100.0,51.2,164.0,29.2,235.0,17.4,230.0,56.2,28.0,26.3,328.0,5,48.88,52.34325554266057
4651,2023,Missouri,27,7.0,,69.1,92.0,70.2,69.0,16.4,43.0,17.6,164.0,119.3,10.0,112.4,18.0,105.4,178.0,105.6,241.0,35.4,266.0,51.7,255.0,75.2,335.0,8.4,191.0,14.6,2.0,9.7,85.0,57.7,322.0,44.1,347.0,36.1,75.0,55.9,13.0,75.8,42.0,6.7,26.0,9.0,152.0,7.0,22.0,56.8,42.0,43.3,45.0,69.1,92.0,55.1,17.0,16.0,44.0,26.8,234.0,29.5,243.0,105.4,178.0,52.3,274.0,24.3,5.0,37.3,362.0,35.2,276.0,76.4,284.0,-0.8,289.0,-0.8,265.0,-0.8,278.0,-0.4,244.0,0.4,129.0,-1.7,319.0,2.98,17.0,32.8,123.0,17.9,327.0,16.9,271.0,47.8,278.0,35.3,55.0,20.2,79.0,44.1,346.0,35.7,34.0,2,63.06382978723404,52.889665006587045
4706,2023,VCU,0,12.0,,68.0,147.0,68.4,159.0,17.0,105.0,17.9,252.0,107.2,140.0,104.4,150.0,94.0,17.0,92.1,6.0,32.3,81.0,46.2,34.0,70.3,104.0,12.7,26.0,13.1,11.0,11.0,21.0,51.0,181.0,34.1,75.0,34.7,141.0,52.3,83.0,69.7,266.0,9.7,262.0,9.5,215.0,10.0,289.0,53.1,116.0,32.8,302.0,68.0,147.0,52.2,86.0,19.5,271.0,29.0,167.0,41.8,9.0,94.0,17.0,47.0,32.0,24.1,6.0,29.8,241.0,30.5,160.0,77.6,94.0,-0.2,199.0,-0.6,242.0,0.3,129.0,0.8,79.0,1.2,56.0,0.8,111.0,1.57,250.0,31.4,169.0,41.3,193.0,21.8,24.0,52.6,115.0,25.6,318.0,18.6,156.0,52.8,112.0,28.6,253.0,11,46.94736842105263,52.97955855942837
4872,2023,Penn St.,5,10.0,,64.6,313.0,64.6,334.0,18.8,309.0,18.3,326.0,116.8,17.0,110.0,40.0,101.8,101.0,104.3,209.0,33.3,133.0,48.8,111.0,70.4,111.0,6.0,321.0,6.7,351.0,6.5,360.0,56.1,301.0,37.5,192.0,38.5,9.0,53.5,51.0,73.8,110.0,9.6,259.0,7.2,12.0,6.5,12.0,52.7,125.0,47.4,10.0,64.6,313.0,55.5,13.0,13.7,6.0,18.8,362.0,21.4,361.0,101.8,101.0,49.2,111.0,13.1,362.0,25.1,43.0,25.9,38.0,76.7,248.0,-1.3,329.0,-1.4,318.0,-1.3,334.0,-0.6,260.0,0.7,108.0,0.5,138.0,4.07,1.0,24.9,313.0,47.5,141.0,12.4,363.0,44.4,338.0,43.1,2.0,15.6,323.0,52.3,127.0,32.1,134.0,18,42.1,53.31909997217252
4683,2023,Furman,26,13.0,,68.5,124.0,68.8,138.0,16.4,51.0,18.3,323.0,114.2,33.0,115.5,6.0,105.8,183.0,102.4,154.0,33.0,113.0,51.2,229.0,70.8,138.0,8.3,195.0,9.1,177.0,9.3,138.0,43.2,31.0,35.2,117.0,34.4,159.0,59.1,1.0,73.5,123.0,8.2,115.0,8.0,50.0,7.8,72.0,58.5,22.0,46.4,13.0,68.5,124.0,55.6,11.0,15.8,40.0,29.7,150.0,34.7,80.0,105.8,183.0,50.6,181.0,18.4,155.0,27.1,115.0,31.8,207.0,76.6,257.0,-0.8,285.0,-1.2,302.0,-0.3,228.0,-0.8,284.0,-0.2,206.0,0.1,174.0,2.21,124.0,26.2,285.0,64.1,32.0,18.7,161.0,46.3,307.0,35.0,62.0,18.2,181.0,53.6,81.0,28.2,273.0,2,63.06382978723404,53.56707879976256
4685,2023,Florida Atlantic,12,9.0,,68.4,126.0,68.7,140.0,16.8,77.0,18.0,279.0,114.3,32.0,112.9,15.0,96.0,36.0,94.4,15.0,32.0,69.0,44.8,11.0,74.9,331.0,6.6,297.0,9.4,159.0,8.9,173.0,33.4,2.0,34.2,79.0,37.2,30.0,54.3,32.0,71.8,181.0,7.2,47.0,8.1,59.0,8.5,143.0,51.0,164.0,43.8,39.0,68.4,126.0,55.0,19.0,16.7,69.0,30.4,123.0,29.5,240.0,96.0,36.0,45.9,15.0,18.3,162.0,24.5,28.0,26.7,56.0,76.0,329.0,-0.8,283.0,1.4,49.0,-3.0,362.0,-2.0,358.0,-1.2,310.0,-0.6,246.0,2.11,144.0,39.0,14.0,66.2,26.0,16.2,305.0,46.5,302.0,37.3,27.0,17.9,202.0,52.7,118.0,29.4,224.0,9,58.45161290322581,53.68387303746586
4715,2023,Colgate,24,15.0,,67.9,156.0,68.0,179.0,17.1,117.0,18.0,268.0,113.0,44.0,115.0,7.0,107.7,231.0,101.7,138.0,34.9,241.0,51.5,240.0,69.0,46.0,7.7,234.0,10.2,99.0,7.5,327.0,53.7,255.0,36.9,169.0,40.9,1.0,57.1,7.0,65.9,335.0,8.4,139.0,8.7,112.0,6.3,7.0,61.7,12.0,34.8,262.0,67.9,156.0,58.6,1.0,15.0,16.0,25.1,286.0,27.7,300.0,107.7,231.0,51.8,254.0,17.6,205.0,24.1,20.0,20.2,3.0,77.4,119.0,1.0,57.0,1.2,67.0,0.9,75.0,0.2,141.0,-0.0,189.0,-0.5,242.0,2.69,41.0,25.1,307.0,67.7,17.0,13.5,360.0,55.0,62.0,31.5,160.0,11.9,363.0,55.3,42.0,32.8,104.0,8,40.15909090909091,53.78965150012622
4861,2023,UC Santa Barbara,10,14.0,,65.0,302.0,65.2,313.0,18.8,312.0,17.7,203.0,111.3,71.0,109.6,46.0,104.7,163.0,100.4,106.0,34.5,217.0,48.9,115.0,75.2,339.0,6.6,294.0,9.8,122.0,8.8,183.0,48.5,116.0,31.1,23.0,35.1,112.0,54.8,24.0,73.7,111.0,6.1,10.0,7.3,16.0,9.5,247.0,52.9,121.0,29.1,340.0,65.0,302.0,54.2,31.0,16.8,79.0,26.5,241.0,34.9,75.0,104.7,163.0,49.8,134.0,18.7,135.0,26.1,72.0,29.2,120.0,77.9,60.0,1.1,50.0,0.7,94.0,1.5,25.0,-0.3,227.0,0.7,107.0,1.4,52.0,2.48,71.0,22.1,343.0,66.4,23.0,19.2,129.0,58.0,20.0,22.8,345.0,18.1,190.0,55.4,41.0,26.5,320.0,12,43.58139534883721,54.278672074314095
4864,2023,Northwestern,5,7.0,,64.9,305.0,65.3,310.0,18.8,308.0,17.9,246.0,108.5,109.0,102.6,191.0,93.7,13.0,95.4,28.0,33.9,168.0,46.6,39.0,67.7,24.0,13.5,15.0,12.1,22.0,9.5,105.0,61.0,355.0,42.4,325.0,32.1,281.0,46.5,315.0,75.1,54.0,10.1,287.0,7.0,5.0,7.8,65.0,55.0,74.0,41.2,78.0,64.9,305.0,47.2,320.0,14.8,12.0,28.2,193.0,29.7,236.0,93.7,13.0,48.4,81.0,21.7,28.0,27.3,124.0,31.6,195.0,77.7,78.0,1.1,52.0,1.3,60.0,0.9,71.0,-0.4,242.0,-0.1,191.0,1.2,69.0,2.46,73.0,26.2,286.0,53.8,83.0,19.1,132.0,46.9,290.0,33.9,100.0,18.1,187.0,45.4,338.0,36.5,28.0,16,33.0,54.2819177732097
4733,2023,Pittsburgh,1,11.0,,67.3,174.0,68.1,174.0,17.3,138.0,18.0,275.0,115.1,24.0,111.9,22.0,103.8,142.0,103.7,192.0,33.5,142.0,48.5,98.0,71.0,147.0,11.5,56.0,7.6,305.0,9.2,148.0,52.9,237.0,39.7,267.0,36.0,79.0,52.7,72.0,76.1,38.0,10.1,289.0,7.4,22.0,9.0,184.0,55.1,72.0,44.1,32.0,67.3,174.0,53.2,49.0,16.4,62.0,30.4,122.0,32.4,141.0,103.8,142.0,49.2,108.0,16.7,265.0,28.2,169.0,30.6,165.0,77.4,125.0,1.2,44.0,2.0,21.0,0.4,115.0,-0.7,275.0,0.2,153.0,-0.3,220.0,3.02,13.0,25.2,305.0,21.1,309.0,18.8,156.0,44.9,328.0,36.3,37.0,18.1,188.0,48.8,253.0,33.1,98.0,18,42.1,54.58716466620182
4873,2023,Vermont,2,15.0,,64.6,314.0,65.5,306.0,18.6,289.0,17.8,229.0,109.8,99.0,109.1,55.0,104.4,153.0,100.6,109.0,34.6,225.0,50.0,174.0,72.4,228.0,8.5,181.0,8.4,233.0,8.4,242.0,44.8,42.0,36.1,145.0,36.2,72.0,55.5,16.0,70.3,238.0,8.5,156.0,7.7,36.0,6.5,14.0,52.1,136.0,43.3,47.0,64.6,314.0,54.9,21.0,14.2,9.0,19.3,358.0,28.4,278.0,104.4,153.0,50.7,191.0,16.8,256.0,22.5,6.0,26.9,61.0,76.5,278.0,-1.3,327.0,-1.1,290.0,-1.5,340.0,-0.6,263.0,-0.1,194.0,0.4,151.0,2.51,66.0,33.7,103.0,37.1,227.0,15.4,326.0,48.5,265.0,36.1,42.0,16.1,294.0,52.8,110.0,31.1,166.0,18,42.1,55.40596047856584
4778,2023,Boise St.,19,10.0,,66.5,219.0,67.0,229.0,18.2,255.0,17.6,170.0,111.0,78.0,105.8,118.0,93.8,14.0,95.4,26.0,31.0,32.0,47.8,72.0,69.3,64.0,8.2,205.0,7.6,304.0,10.1,58.0,46.0,63.0,37.4,185.0,36.0,81.0,50.7,164.0,73.9,103.0,9.5,250.0,7.6,31.0,9.1,197.0,43.0,350.0,37.9,163.0,66.5,219.0,51.9,101.0,16.7,71.0,26.4,247.0,30.7,214.0,93.8,14.0,47.3,43.0,17.7,199.0,23.8,16.0,27.4,69.0,77.7,86.0,-0.6,249.0,-1.2,303.0,0.1,158.0,1.5,28.0,1.4,47.0,1.1,79.0,1.92,179.0,20.5,350.0,51.6,105.0,17.9,202.0,49.8,224.0,32.3,137.0,16.7,261.0,52.7,117.0,30.6,189.0,5,48.88,55.59890396780285
4690,2023,Arizona St.,23,11.0,,68.4,131.0,69.2,121.0,16.9,87.0,17.7,186.0,107.6,133.0,101.0,236.0,95.2,28.0,97.0,48.0,33.6,148.0,43.8,6.0,70.2,97.0,13.2,21.0,10.4,84.0,10.2,55.0,53.9,259.0,39.1,243.0,31.4,315.0,47.9,274.0,68.9,288.0,8.3,131.0,8.8,132.0,8.1,90.0,56.9,40.0,39.5,118.0,68.4,131.0,47.5,308.0,16.9,86.0,29.6,152.0,30.8,207.0,95.2,28.0,46.4,22.0,20.6,57.0,31.8,313.0,33.4,236.0,77.1,180.0,0.9,69.0,1.9,24.0,-0.1,196.0,-0.4,246.0,-1.4,325.0,0.1,176.0,2.54,62.0,31.5,166.0,36.0,234.0,18.2,185.0,49.8,226.0,32.0,147.0,20.2,78.0,46.0,332.0,33.9,71.0,13,47.54545454545455,55.69299716682324
4780,2023,Montana St.,8,14.0,,66.5,221.0,67.1,223.0,18.3,271.0,17.4,133.0,105.4,170.0,105.4,133.0,99.6,73.0,99.1,80.0,34.8,233.0,48.0,77.0,74.0,297.0,8.7,168.0,9.5,151.0,10.6,41.0,39.1,6.0,34.2,80.0,32.0,288.0,52.4,80.0,76.3,32.0,5.5,4.0,8.2,64.0,9.4,233.0,49.6,206.0,33.3,295.0,66.5,221.0,50.9,166.0,17.6,140.0,25.7,267.0,44.4,5.0,99.6,73.0,49.4,120.0,20.1,74.0,25.5,56.0,35.5,284.0,77.3,141.0,0.1,164.0,-0.6,239.0,0.8,86.0,0.2,133.0,0.7,106.0,0.0,190.0,2.63,47.0,32.8,122.0,48.1,136.0,24.9,3.0,51.6,153.0,23.5,340.0,21.0,58.0,50.4,205.0,28.6,256.0,13,47.54545454545455,56.12572247303706
4776,2023,Baylor,6,3.0,,66.6,217.0,67.9,185.0,17.8,203.0,17.6,165.0,121.9,2.0,113.1,14.0,101.9,104.0,103.7,190.0,32.2,78.0,53.3,314.0,70.7,135.0,6.8,289.0,9.8,127.0,10.1,63.0,60.4,351.0,37.8,204.0,37.2,32.0,50.8,157.0,74.9,62.0,9.3,231.0,9.2,177.0,8.9,171.0,56.4,49.0,45.3,22.0,66.6,217.0,53.1,53.0,18.1,170.0,34.7,18.0,37.2,40.0,101.9,104.0,51.4,232.0,19.9,77.0,31.1,299.0,31.4,186.0,77.1,179.0,0.3,126.0,0.4,127.0,0.3,132.0,-0.7,273.0,-0.3,236.0,0.4,153.0,1.85,194.0,30.6,186.0,43.0,178.0,20.8,54.0,41.6,359.0,37.7,22.0,17.7,211.0,53.0,104.0,29.2,230.0,2,63.06382978723404,56.55223609020365
4852,2023,Grand Canyon,31,14.0,,65.2,293.0,65.9,281.0,18.3,261.0,17.9,259.0,112.3,54.0,108.5,67.0,106.3,198.0,103.6,188.0,32.0,68.0,46.8,44.0,70.0,89.0,8.0,218.0,6.9,342.0,8.1,274.0,43.1,29.0,32.8,43.0,37.6,23.0,50.5,171.0,71.5,200.0,8.1,104.0,8.4,79.0,10.0,284.0,47.1,271.0,40.8,84.0,65.2,293.0,52.9,63.0,18.4,206.0,30.5,116.0,37.8,35.0,106.3,198.0,47.2,36.0,15.0,339.0,30.3,264.0,33.2,232.0,77.1,168.0,-0.6,250.0,-0.7,249.0,-0.5,256.0,-0.4,239.0,0.8,105.0,1.1,78.0,2.53,63.0,32.3,135.0,43.1,176.0,20.4,67.0,45.0,326.0,34.6,73.0,19.7,96.0,53.5,87.0,26.8,316.0,9,58.45161290322581,59.15967297258021
4689,2023,Louisiana,25,13.0,,68.4,130.0,68.7,147.0,17.1,119.0,17.8,231.0,112.2,57.0,109.7,42.0,104.0,146.0,102.0,143.0,35.9,284.0,49.2,138.0,70.5,119.0,7.3,253.0,10.7,66.0,7.4,336.0,42.5,24.0,29.9,10.0,36.6,49.0,52.2,85.0,67.2,320.0,8.2,122.0,9.5,212.0,8.1,88.0,50.8,172.0,31.7,315.0,68.4,130.0,53.0,55.0,17.5,134.0,33.8,31.0,37.7,36.0,104.0,146.0,50.6,180.0,18.1,171.0,26.4,83.0,33.8,245.0,76.5,270.0,0.7,89.0,1.3,63.0,0.0,180.0,-1.9,352.0,-2.2,349.0,0.1,176.0,1.96,171.0,28.3,241.0,55.9,70.0,19.3,122.0,54.3,72.0,26.5,305.0,19.1,128.0,55.1,46.0,25.8,336.0,9,58.45161290322581,59.69599816574145
4680,2023,UNC Asheville,9,15.0,,68.5,121.0,68.6,150.0,16.8,82.0,18.1,301.0,104.1,195.0,104.6,145.0,102.6,115.0,99.3,82.0,30.5,24.0,49.1,135.0,71.8,186.0,10.2,101.0,8.8,206.0,9.2,152.0,45.2,48.0,34.0,73.0,38.8,6.0,51.4,120.0,69.3,277.0,11.2,336.0,9.8,253.0,10.1,304.0,50.1,186.0,37.2,189.0,68.5,121.0,53.9,33.0,20.0,298.0,25.8,264.0,41.3,12.0,102.6,115.0,48.0,68.0,17.9,182.0,28.7,196.0,26.8,58.0,77.4,126.0,0.6,92.0,1.5,45.0,-0.3,224.0,-0.1,203.0,-0.2,206.0,0.7,113.0,3.12,12.0,26.9,274.0,48.9,125.0,21.0,42.0,47.3,287.0,31.7,154.0,16.7,262.0,56.2,29.0,27.1,307.0,9,58.45161290322581,59.712900593485855
4730,2023,Princeton,14,15.0,,67.5,171.0,68.3,164.0,18.1,241.0,16.9,43.0,109.1,103.0,108.1,74.0,103.5,137.0,99.6,89.0,33.1,119.0,47.2,55.0,68.9,43.0,8.2,203.0,6.7,350.0,7.8,304.0,43.3,32.0,32.6,40.0,34.0,177.0,53.5,52.0,71.3,205.0,9.8,268.0,8.4,83.0,8.4,132.0,47.9,256.0,40.7,86.0,67.5,171.0,52.5,74.0,16.9,83.0,28.4,188.0,32.2,155.0,103.5,137.0,48.0,70.0,14.5,349.0,22.8,9.0,29.3,125.0,77.4,121.0,-0.5,234.0,-0.8,261.0,-0.1,205.0,0.1,150.0,0.8,82.0,1.7,39.0,1.12,313.0,24.4,324.0,44.1,170.0,17.9,201.0,49.6,233.0,32.5,129.0,17.4,235.0,54.7,54.0,27.9,282.0,9,58.45161290322581,60.92968705435901
4631,2023,Texas Southern,28,16.0,,69.4,72.0,70.7,46.0,17.4,153.0,16.7,19.0,96.5,330.0,94.0,342.0,106.2,196.0,101.1,119.0,33.6,151.0,48.7,105.0,70.9,143.0,8.1,209.0,8.9,191.0,9.8,80.0,47.2,89.0,34.9,100.0,28.7,360.0,47.4,293.0,66.2,332.0,8.1,105.0,10.6,318.0,9.6,257.0,44.4,337.0,28.1,348.0,69.4,72.0,46.1,336.0,20.3,312.0,29.3,157.0,35.0,74.0,106.2,196.0,49.3,115.0,18.7,131.0,27.7,148.0,38.1,315.0,77.2,157.0,0.3,136.0,-0.1,174.0,0.6,97.0,-0.1,172.0,1.2,60.0,-1.1,294.0,1.67,234.0,36.7,45.0,38.5,209.0,20.1,81.0,59.0,16.0,21.0,354.0,21.5,47.0,50.5,200.0,28.0,277.0,6,63.416666666666664,61.2868026429284
4917,2023,Northern Kentucky,13,16.0,,62.0,358.0,63.2,352.0,18.7,298.0,19.1,363.0,103.3,217.0,104.5,148.0,102.8,121.0,100.4,104.0,36.7,318.0,48.9,119.0,70.2,101.0,8.2,204.0,14.1,4.0,9.2,146.0,60.5,354.0,38.9,238.0,35.2,109.0,47.7,282.0,70.4,232.0,7.3,53.0,8.7,121.0,8.8,164.0,54.7,80.0,40.7,88.0,62.0,358.0,49.8,218.0,17.5,131.0,31.3,91.0,27.4,309.0,102.8,121.0,51.3,221.0,23.2,13.0,32.8,333.0,30.8,172.0,76.5,276.0,-0.8,288.0,-0.5,222.0,-1.1,319.0,-0.7,269.0,-1.0,293.0,0.4,145.0,2.39,86.0,26.4,281.0,66.9,20.0,16.2,302.0,47.6,280.0,36.1,41.0,17.4,229.0,48.1,287.0,34.5,60.0,7,63.58620689655172,61.87828825104862
4658,2023,Howard,17,16.0,,69.0,99.0,71.0,38.0,17.2,123.0,16.5,6.0,103.7,204.0,103.0,176.0,106.9,212.0,102.0,141.0,33.6,147.0,50.8,206.0,69.3,60.0,8.2,201.0,9.8,126.0,10.9,22.0,47.0,83.0,37.1,178.0,37.2,31.0,49.9,201.0,71.6,194.0,8.7,181.0,12.1,357.0,10.8,324.0,54.7,79.0,36.1,231.0,69.0,99.0,52.0,92.0,22.9,356.0,33.8,28.0,32.8,129.0,106.9,212.0,50.6,182.0,20.7,54.0,31.6,307.0,34.6,262.0,76.9,212.0,0.7,88.0,0.5,124.0,0.9,72.0,0.1,155.0,-0.6,259.0,-1.9,327.0,1.49,271.0,36.3,52.0,41.4,191.0,18.4,174.0,50.0,214.0,31.6,159.0,19.1,126.0,51.0,177.0,29.9,211.0,6,63.416666666666664,61.9400257879369
4639,2023,Texas A&M Corpus Chris,29,16.0,,69.3,80.0,70.7,53.0,16.4,52.0,17.4,115.0,107.4,137.0,109.9,41.0,107.6,229.0,102.1,147.0,33.3,132.0,54.1,327.0,69.1,50.0,4.5,354.0,11.7,35.0,9.2,142.0,55.8,293.0,41.1,301.0,36.9,38.0,49.0,240.0,80.0,2.0,8.6,171.0,8.9,137.0,9.1,203.0,55.8,59.0,34.9,258.0,69.3,80.0,51.2,144.0,18.0,161.0,32.5,58.0,34.4,89.0,107.6,229.0,52.4,276.0,20.9,52.0,27.9,156.0,38.6,319.0,75.0,361.0,-1.8,354.0,-1.7,337.0,-1.9,351.0,-1.4,338.0,-2.7,358.0,-2.5,342.0,1.46,277.0,32.0,148.0,71.7,11.0,21.2,40.0,49.1,248.0,29.7,218.0,20.3,74.0,48.5,263.0,31.2,162.0,2,63.06382978723404,64.33490349165363
4669,2023,Fairleigh Dickinson,20,16.0,,68.8,110.0,69.3,112.0,17.3,133.0,17.3,94.0,106.2,155.0,108.9,61.0,118.4,361.0,108.2,297.0,36.9,329.0,56.1,353.0,75.6,341.0,5.7,335.0,10.6,72.0,10.8,30.0,56.6,309.0,40.1,281.0,34.4,157.0,51.4,121.0,75.0,58.0,10.0,280.0,8.0,46.0,8.4,125.0,51.5,148.0,37.0,196.0,68.8,110.0,51.5,128.0,16.4,59.0,31.4,90.0,27.9,295.0,118.4,361.0,55.8,357.0,21.4,33.0,28.9,203.0,34.8,266.0,73.4,363.0,-3.0,363.0,-3.3,362.0,-2.8,361.0,-2.9,362.0,-4.8,363.0,-4.8,362.0,0.62,354.0,33.5,108.0,19.3,317.0,16.9,267.0,52.3,128.0,30.8,178.0,19.1,129.0,48.7,254.0,32.2,127.0,2,63.06382978723404,66.45244583810315
4566,2023,Southeast Missouri St.,21,16.0,,72.5,7.0,73.8,3.0,16.0,26.0,16.7,16.0,100.9,263.0,102.7,188.0,108.1,243.0,103.1,177.0,35.3,262.0,50.8,209.0,69.0,48.0,8.5,186.0,8.9,201.0,10.1,61.0,50.7,175.0,35.5,125.0,33.3,211.0,50.0,195.0,71.8,180.0,7.7,82.0,9.5,213.0,7.8,71.0,51.1,161.0,39.8,111.0,72.5,7.0,50.0,212.0,17.3,110.0,25.2,284.0,38.3,31.0,108.1,243.0,51.6,240.0,19.0,123.0,27.9,158.0,43.6,355.0,76.0,326.0,-0.9,306.0,-0.7,246.0,-1.2,324.0,-1.2,324.0,-0.2,206.0,-1.9,332.0,1.42,285.0,34.3,88.0,35.2,238.0,21.5,32.0,47.3,289.0,31.2,169.0,22.6,24.0,49.2,239.0,28.2,272.0,6,63.416666666666664,66.48837966964383
