,Rk,Team,Conf,W-L,AdjEM,AdjO,AdjO_Rk,AdjD,AdjD_Rk,AdjT,AdjT_Rk,Luck,Luck_Rk,SOS,SOS1,SOS2,SOS3,SOS4,SOS5,SOS6,SOS7
0,1,Auburn,SEC,2-0,+29.88,121.4,2,91.5,4,71.9,136,+.189,12,+15.31,56,111.3,78,96.0,39,+15.31,56
1,2,Houston,B12,1-1,+28.95,119.7,5,90.8,1,66.6,360,-.220,359,+4.89,136,106.9,141,102.0,133,+4.89,136
2,3,Gonzaga,WCC,1-0,+27.95,123.5,1,95.6,25,73.0,65,+.000,104,+14.90,61,115.1,33,100.2,96,+14.90,61
3,4,Duke,ACC,2-0,+27.77,119.8,4,92.0,5,71.3,180,+.000,96,-12.72,292,97.2,304,109.9,280,-12.72,292
4,5,Connecticut,BE,2-0,+26.10,118.7,8,92.6,7,69.1,314,+.000,104,-18.97,337,94.5,326,113.5,333,-18.97,337
5,6,Alabama,SEC,2-0,+25.28,120.5,3,95.2,22,76.4,2,+.174,15,-3.42,214,104.3,190,107.7,242,-3.42,214
6,7,Arizona,B12,2-0,+24.98,118.1,11,93.1,8,74.2,20,+.014,64,-14.68,306,98.6,284,113.3,332,-14.68,306
7,8,Kansas,B12,2-0,+24.37,119.4,6,95.0,20,72.5,91,+.198,9,+3.96,146,108.1,126,104.1,171,+3.96,146
8,9,Tennessee,SEC,2-0,+24.32,115.2,29,90.9,3,69.7,284,+.000,91,+3.03,157,106.0,159,102.9,147,+3.03,157
9,10,Iowa St.,B12,1-0,+24.30,115.1,30,90.8,2,71.1,191,+.000,104,-30.97,353,84.9,353,115.9,350,-30.97,353
10,11,Purdue,B10,2-0,+22.95,118.6,9,95.6,26,69.2,306,+.000,84,-7.51,255,99.0,274,106.5,221,-7.51,255
11,12,Texas Tech,B12,2-0,+21.94,116.5,16,94.6,13,68.4,337,+.001,80,-15.33,312,96.2,309,111.5,309,-15.33,312
12,13,Cincinnati,B12,2-0,+21.36,116.1,19,94.7,16,70.2,262,+.003,73,-19.62,340,94.1,335,113.7,337,-19.62,340
13,14,Marquette,BE,2-0,+21.34,116.4,18,95.0,19,72.5,92,+.031,60,-5.10,235,101.7,236,106.8,228,-5.10,235
14,15,St. John's,BE,2-0,+21.13,115.8,22,94.7,14,73.3,53,+.000,85,-7.17,251,99.1,273,106.3,216,-7.17,251
15,16,North Carolina,ACC,1-1,+21.04,118.1,10,97.1,46,74.1,23,-.179,352,+8.21,108,110.2,96,101.9,132,+8.21,108
16,17,Creighton,BE,1-0,+21.03,119.1,7,98.0,55,71.6,154,+.000,104,-13.69,303,98.9,278,112.6,325,-13.69,303
17,18,Texas A&M,SEC,1-1,+20.49,115.5,26,95.0,18,69.0,316,-.221,360,-3.47,215,100.6,253,104.1,170,-3.47,215
18,19,Illinois,B10,2-0,+19.98,116.7,15,96.7,41,73.3,49,+.000,104,-18.21,332,94.2,333,112.4,321,-18.21,332
19,20,Mississippi St.,SEC,2-0,+19.77,115.8,21,96.1,30,71.0,198,+.000,104,-13.57,302,98.3,286,111.8,315,-13.57,302
20,21,Ohio St.,B10,1-0,+19.57,116.0,20,96.4,37,71.0,200,+.000,104,+18.68,36,114.4,40,95.7,37,+18.68,36
21,22,Oregon,B10,2-0,+19.56,115.8,23,96.2,33,70.1,263,+.033,59,-5.32,239,103.8,201,109.1,267,-5.32,239
22,23,Baylor,B12,1-1,+19.52,117.4,12,97.9,53,68.6,329,+.202,8,+25.22,6,118.9,6,93.7,15,+25.22,6
23,24,Florida,SEC,2-0,+19.51,117.2,13,97.7,51,73.3,48,+.001,78,-1.20,193,103.0,215,104.2,175,-1.20,193
24,25,Michigan,B10,1-0,+19.12,115.3,27,96.2,32,72.1,118,+.000,104,-7.90,263,100.3,258,108.2,254,-7.90,263
25,26,Pittsburgh,ACC,2-0,+18.82,115.7,24,96.9,43,70.5,235,+.057,51,-6.23,242,102.9,221,109.1,270,-6.23,242
26,27,Texas,SEC,1-1,+18.68,114.4,36,95.7,28,70.5,236,-.166,345,-2.25,201,104.2,193,106.5,220,-2.25,201
27,28,Clemson,ACC,2-0,+18.63,115.5,25,96.8,42,70.4,242,+.000,104,-17.52,328,96.0,311,113.5,334,-17.52,328
28,29,Dayton,A10,2-0,+18.52,113.2,44,94.7,15,69.3,298,+.159,22,-5.13,236,101.0,248,106.2,213,-5.13,236
29,30,Kentucky,SEC,2-0,+18.38,116.4,17,98.0,54,74.0,27,+.001,81,-7.36,254,101.3,243,108.7,262,-7.36,254
30,31,Maryland,B10,2-0,+18.18,110.3,74,92.1,6,70.0,274,+.000,104,-15.42,313,94.8,321,110.3,286,-15.42,313
31,32,BYU,B12,2-0,+18.10,115.2,28,97.1,48,71.6,150,+.171,17,-11.45,283,99.5,270,110.9,300,-11.45,283
32,33,Michigan St.,B10,2-0,+18.10,112.2,49,94.2,10,70.2,254,+.000,82,-15.30,311,97.3,301,112.6,327,-15.30,311
33,34,Arkansas,SEC,1-1,+17.81,112.0,52,94.2,11,72.5,95,-.131,337,+9.56,97,111.8,70,102.2,137,+9.56,97
34,35,UCLA,B10,1-1,+17.80,112.7,46,94.9,17,67.9,349,-.183,353,+1.18,168,103.3,211,102.1,135,+1.18,168
35,36,VCU,A10,2-0,+17.36,112.6,48,95.3,23,70.6,225,+.000,103,-7.82,258,101.4,239,109.3,274,-7.82,258
36,37,Memphis,Amer,2-0,+16.74,113.7,38,97.0,44,73.9,29,+.000,97,+10.78,91,112.0,66,101.2,111,+10.78,91
37,38,Northwestern,B10,1-1,+16.71,111.9,54,95.2,21,68.9,318,-.214,358,+4.58,142,106.4,153,101.8,126,+4.58,142
38,39,Oklahoma,SEC,1-0,+16.55,112.0,50,95.5,24,70.7,217,+.000,104,-21.17,347,92.9,345,114.0,342,-21.17,347
39,40,Iowa,B10,2-0,+16.06,116.8,14,100.8,92,73.9,28,+.000,89,-17.82,330,92.8,347,110.6,294,-17.82,330
40,41,Saint Mary's,WCC,2-0,+16.05,115.0,31,99.0,72,67.0,357,+.005,71,-2.79,207,105.4,171,108.2,253,-2.79,207
41,42,Penn St.,B10,2-0,+15.89,113.1,45,97.2,49,73.4,44,+.000,104,-15.82,315,98.2,289,114.0,341,-15.82,315
42,43,Boise St.,MWC,1-1,+15.77,113.6,40,97.8,52,69.3,302,-.168,347,+3.25,155,107.2,137,103.9,164,+3.25,155
43,44,LSU,SEC,1-0,+15.53,114.0,37,98.4,62,72.4,98,+.000,104,-17.27,325,94.4,329,111.7,312,-17.27,325
44,45,Indiana,B10,1-0,+15.50,111.8,55,96.3,36,72.1,122,+.000,104,-17.37,326,95.0,319,112.4,323,-17.37,326
45,46,Utah St.,MWC,2-0,+15.13,114.5,35,99.4,75,72.1,121,+.011,66,-12.57,291,101.4,242,113.9,339,-12.57,291
46,47,Miami FL,ACC,1-0,+15.04,114.7,34,99.6,77,71.8,140,+.000,104,-22.49,349,94.3,332,116.8,352,-22.49,349
47,48,Villanova,BE,2-1,+14.74,115.0,32,100.3,87,67.4,355,-.045,311,-12.15,287,98.1,291,110.2,285,-12.15,287
48,49,Wisconsin,B10,2-0,+14.67,113.6,41,98.9,71,68.3,341,+.014,63,-14.33,305,98.8,282,113.1,331,-14.33,305
49,50,TCU,B12,2-0,+14.47,111.8,56,97.3,50,70.9,207,+.058,50,-16.68,319,94.4,328,111.1,302,-16.68,319
50,51,Kansas St.,B12,2-0,+14.33,110.0,79,95.7,27,70.5,237,+.012,65,-14.76,307,97.0,306,111.8,314,-14.76,307
51,52,Xavier,BE,2-0,+14.19,114.8,33,100.7,91,72.3,105,+.003,74,-17.98,331,94.6,325,112.6,326,-17.98,331
52,53,San Diego St.,MWC,1-0,+14.10,108.2,104,94.1,9,69.3,305,+.000,104,+0.68,172,106.4,154,105.7,205,+0.68,172
53,54,Missouri,SEC,1-1,+13.80,112.6,47,98.8,69,70.6,228,-.093,330,+6.16,122,108.1,128,101.9,129,+6.16,122
54,55,USC,B10,2-0,+13.72,112.0,51,98.3,59,71.8,139,+.130,34,-8.30,267,101.4,241,109.7,279,-8.30,267
55,56,Nevada,MWC,2-0,+13.48,111.5,61,98.1,56,69.3,301,+.000,83,+3.17,156,105.1,178,101.9,128,+3.17,156
56,57,New Mexico,MWC,2-0,+13.26,109.5,88,96.2,31,77.1,1,+.000,99,+5.11,132,106.4,152,101.3,114,+5.11,132
57,58,N.C. State,ACC,2-0,+13.15,113.2,43,100.1,83,71.6,158,+.085,45,-17.10,322,98.0,292,115.1,348,-17.10,322
58,59,Rutgers,B10,1-0,+13.09,107.3,121,94.3,12,71.3,179,+.000,104,-13.48,298,94.7,324,108.1,252,-13.48,298
59,60,Mississippi,SEC,2-0,+12.81,113.3,42,100.5,89,70.5,231,+.208,6,-16.20,316,94.3,331,110.5,292,-16.20,316
60,61,Wake Forest,ACC,2-0,+12.74,109.3,90,96.5,39,73.2,55,+.000,104,-19.97,344,90.8,349,110.8,297,-19.97,344
61,62,SMU,ACC,2-0,+12.70,113.6,39,100.9,93,72.7,84,+.000,101,-18.29,333,93.9,338,112.2,319,-18.29,333
62,63,UCF,B12,2-0,+12.68,109.0,92,96.3,34,70.7,215,+.028,61,+6.59,117,108.1,124,101.5,120,+6.59,117
63,64,Utah,B12,2-0,+12.36,111.0,68,98.7,65,72.1,120,+.000,92,-20.32,345,94.7,323,115.0,346,-20.32,345
64,65,Notre Dame,ACC,1-0,+11.96,110.6,71,98.7,66,68.4,338,+.000,104,-24.64,351,89.1,351,113.8,338,-24.64,351
65,66,Minnesota,B10,2-0,+11.74,110.0,80,98.2,58,68.9,320,+.159,21,-12.96,295,99.2,272,112.2,318,-12.96,295
66,67,Georgia Tech,ACC,1-0,+11.44,111.1,67,99.7,79,71.2,183,+.000,104,-18.82,335,95.5,315,114.3,344,-18.82,335
67,68,Louisville,ACC,1-1,+11.35,109.6,83,98.3,60,73.2,56,-.091,329,+2.71,160,104.0,198,101.3,113,+2.71,160
68,69,Nebraska,B10,2-0,+11.29,107.3,122,96.0,29,72.9,71,+.115,37,-13.45,297,97.5,300,110.9,299,-13.45,297
69,70,Grand Canyon,WAC,2-0,+11.17,111.4,63,100.2,86,72.0,131,+.147,25,-6.68,248,99.2,271,105.9,208,-6.68,248
70,71,Providence,BE,2-0,+11.06,107.5,111,96.5,38,70.1,268,+.160,20,-17.26,324,93.0,344,110.3,288,-17.26,324
71,72,North Texas,Amer,2-0,+10.89,109.6,84,98.7,67,66.5,361,+.000,104,-9.17,272,99.7,264,108.9,265,-9.17,272
72,73,Arizona St.,B12,2-0,+10.84,107.1,127,96.3,35,71.6,159,+.000,104,-1.81,196,104.1,195,105.9,207,-1.81,196
73,74,West Virginia,B12,2-0,+10.36,109.5,86,99.2,74,71.0,197,+.139,26,-6.85,249,100.9,250,107.8,243,-6.85,249
74,75,Colorado St.,MWC,2-0,+10.29,108.6,99,98.3,61,71.2,187,+.104,38,-12.83,293,97.6,299,110.4,290,-12.83,293
75,76,San Francisco,WCC,2-0,+10.21,111.5,62,101.3,99,72.6,89,+.002,77,-3.92,219,101.9,233,105.8,206,-3.92,219
76,77,Stanford,ACC,2-0,+9.90,111.0,69,101.1,95,68.8,324,+.000,98,-15.25,310,96.4,307,111.6,311,-15.25,310
77,78,South Carolina,SEC,1-1,+9.87,108.8,97,98.9,70,68.5,335,-.203,356,-9.80,276,100.3,260,110.1,283,-9.80,276
78,79,Georgia,SEC,1-0,+9.41,109.7,82,100.3,88,72.0,133,+.000,104,-17.43,327,95.1,318,112.5,324,-17.43,327
79,80,UC Irvine,BW,2-0,+9.36,106.4,137,97.0,45,71.6,156,+.000,104,+5.28,129,108.1,127,102.8,142,+5.28,129
80,81,Vanderbilt,SEC,1-0,+9.31,111.6,60,102.3,114,72.5,93,+.000,104,-25.45,352,90.3,350,115.8,349,-25.45,352
81,82,Wichita St.,Amer,2-0,+9.24,110.6,72,101.3,100,73.1,62,+.099,40,-0.14,181,104.2,192,104.4,178,-0.14,181
82,83,Washington,B10,1-1,+9.23,105.8,144,96.6,40,72.7,81,+.099,39,+6.49,118,106.6,149,100.1,94,+6.49,118
83,84,Florida St.,ACC,2-0,+9.13,107.3,123,98.2,57,73.8,33,+.000,88,-4.18,225,100.2,261,104.4,181,-4.18,225
84,85,Florida Atlantic,Amer,2-0,+9.10,110.0,78,100.9,94,73.2,59,+.000,104,-3.22,210,103.7,202,107.0,229,-3.22,210
85,86,Princeton,Ivy,2-0,+9.07,111.6,58,102.6,121,70.1,267,+.171,16,-4.74,233,102.4,230,107.1,231,-4.74,233
86,87,Colorado,B12,2-0,+8.90,107.4,119,98.5,63,70.2,255,+.203,7,-8.60,269,102.5,228,111.1,303,-8.60,269
87,88,Syracuse,ACC,1-0,+8.78,111.8,57,103.0,128,74.1,24,+.000,104,-19.10,338,96.0,312,115.1,347,-19.10,338
88,89,Virginia,ACC,1-0,+8.42,107.0,129,98.6,64,65.6,364,+.000,104,-15.19,309,97.1,305,112.3,320,-15.19,309
89,90,Oklahoma St.,B12,1-0,+8.28,107.1,128,98.8,68,74.7,12,+.000,104,-16.73,320,99.6,269,116.3,351,-16.73,320
90,91,Santa Clara,WCC,1-1,+8.22,111.6,59,103.4,137,72.0,132,+.006,69,+7.80,110,108.7,119,100.9,105,+7.80,110
91,92,Loyola Chicago,A10,2-0,+8.20,107.8,108,99.6,78,72.2,108,+.092,43,-19.97,343,94.0,336,114.0,340,-19.97,343
92,93,Louisiana Tech,CUSA,2-0,+7.94,110.2,76,102.2,113,69.1,315,+.000,104,+1.99,166,108.7,117,106.7,226,+1.99,166
93,94,Liberty,CUSA,2-0,+7.73,108.3,102,100.6,90,67.9,350,+.192,11,-0.48,185,104.5,186,105.0,192,-0.48,185
94,95,UNLV,MWC,1-1,+7.73,111.4,64,103.6,141,69.9,275,-.113,335,-0.23,183,104.9,182,105.1,195,-0.23,183
95,96,Virginia Tech,ACC,2-0,+7.70,110.1,77,102.4,117,70.8,211,+.000,102,-20.62,346,92.4,348,113.0,329,-20.62,346
96,97,Georgetown,BE,2-0,+7.67,110.9,70,103.2,132,70.2,257,+.001,79,-13.53,300,96.4,308,109.9,281,-13.53,300
97,98,UAB,Amer,1-1,+7.63,111.9,53,104.3,151,72.2,116,-.106,333,-4.64,231,100.4,255,105.1,193,-4.64,231
98,99,George Mason,A10,1-1,+7.30,106.8,131,99.5,76,69.2,312,+.006,70,+6.39,120,108.6,121,102.2,138,+6.39,120
99,100,Bradley,MVC,1-1,+6.91,109.3,89,102.4,116,69.8,279,-.070,319,-4.02,223,103.0,218,107.0,230,-4.02,223
100,101,Washington St.,WCC,2-0,+6.72,110.3,73,103.6,139,73.4,47,+.043,56,-3.34,211,103.4,208,106.8,227,-3.34,211
101,102,Oregon St.,WCC,2-0,+6.36,106.4,139,100.0,82,68.5,333,+.000,95,-12.16,288,98.1,290,110.3,287,-12.16,288
102,103,Sam Houston St.,CUSA,1-1,+6.33,108.9,93,102.6,122,71.8,141,-.069,318,+6.82,115,107.9,129,101.1,108,+6.82,115
103,104,Butler,BE,1-1,+6.30,108.3,103,102.0,108,70.4,243,-.150,340,-8.95,270,98.8,279,107.8,244,-8.95,270
104,105,Northern Iowa,MVC,2-0,+5.94,108.0,106,102.1,111,70.0,273,+.000,104,-7.18,252,104.1,196,111.3,305,-7.18,252
105,106,Seton Hall,BE,1-1,+5.86,103.0,201,97.1,47,68.8,325,-.167,346,-6.99,250,97.2,302,104.2,172,-6.99,250
106,107,Rhode Island,A10,2-0,+5.86,109.5,87,103.6,140,72.6,88,+.058,49,-16.74,321,95.7,313,112.4,322,-16.74,321
107,108,High Point,BSth,2-0,+5.60,111.3,65,105.7,184,71.7,149,+.137,28,-22.28,348,89.0,352,111.3,307,-22.28,348
108,109,Massachusetts,A10,1-1,+5.47,107.2,124,101.8,104,73.4,43,-.172,349,-2.28,202,102.9,220,105.2,198,-2.28,202
109,110,UC San Diego,BW,1-1,+5.45,108.8,95,103.3,136,70.2,261,-.147,339,+4.33,144,105.6,170,101.2,110,+4.33,144
110,111,Arkansas St.,SB,1-1,+5.38,107.8,109,102.5,118,73.5,39,+.079,46,+14.59,65,112.6,58,98.0,63,+14.59,65
111,112,Charleston,CAA,2-0,+5.23,108.2,105,102.9,126,73.4,46,+.000,87,-0.12,180,104.0,200,104.1,169,-0.12,180
112,113,Saint Joseph's,A10,1-1,+5.19,107.2,125,102.0,109,72.2,115,-.016,304,-9.81,277,97.6,298,107.4,237,-9.81,277
113,114,UC Santa Barbara,BW,2-0,+5.10,107.4,118,102.3,115,70.5,229,+.000,104,-7.71,257,103.0,217,110.7,296,-7.71,257
114,115,Yale,Ivy,1-1,+4.92,107.5,117,102.5,120,71.0,202,-.110,334,-3.67,217,102.7,225,106.4,219,-3.67,217
115,116,Saint Louis,A10,0-1,+4.83,110.2,75,105.4,177,73.2,58,+.000,104,+8.22,107,111.6,72,103.4,153,+8.22,107
116,117,Troy,SB,2-0,+4.79,103.8,182,99.0,73,73.0,64,+.002,75,-8.18,265,102.8,222,111.0,301,-8.18,265
117,118,St. Bonaventure,A10,2-0,+4.47,107.8,110,103.3,135,68.8,322,+.000,100,-7.93,264,100.9,251,108.8,264,-7.93,264
118,119,Lipscomb,ASun,2-1,+4.45,108.5,101,104.1,146,71.5,163,+.169,19,+8.45,106,109.2,111,100.8,102,+8.45,106
119,120,Temple,Amer,2-0,+4.29,108.7,98,104.4,157,71.3,182,+.060,48,-13.35,296,98.2,288,111.5,308,-13.35,296
120,121,McNeese,Slnd,1-1,+4.22,107.5,113,103.3,134,71.4,172,+.000,104,+1.27,167,106.6,148,105.4,202,+1.27,167
121,122,Towson,CAA,1-1,+4.17,107.2,126,103.0,127,68.1,342,+.000,104,+21.14,21,117.6,13,96.4,48,+21.14,21
122,123,Vermont,AE,1-2,+4.11,104.0,177,99.9,81,66.9,359,+.094,42,+16.28,52,112.8,55,96.5,49,+16.28,52
123,124,Murray St.,MVC,1-1,+4.04,107.5,115,103.4,138,69.8,281,+.000,104,+23.53,11,118.1,10,94.5,22,+23.53,11
124,125,South Florida,Amer,0-2,+3.96,105.9,143,102.0,106,73.5,41,+.000,269,+14.52,67,113.8,48,99.2,80,+14.52,67
125,126,Utah Valley,WAC,2-0,+3.57,103.7,187,100.1,84,72.1,124,+.000,104,-8.29,266,98.0,293,106.3,217,-8.29,266
126,127,Davidson,A10,2-0,+3.56,107.9,107,104.3,152,70.7,214,+.000,104,-3.65,216,104.4,188,108.1,251,-3.65,216
127,128,UMass Lowell,AE,2-0,+3.52,108.5,100,105.0,163,72.9,70,+.000,104,-8.98,271,95.4,316,104.4,180,-8.98,271
128,129,Western Kentucky,CUSA,0-2,+3.21,104.3,170,101.1,96,75.6,7,-.089,327,+10.20,93,111.0,84,100.8,101,+10.20,93
129,130,Kent St.,MAC,2-0,+3.12,106.0,141,102.9,124,69.9,277,+.000,104,+4.11,145,105.6,169,101.5,118,+4.11,145
130,131,Wofford,SC,1-1,+3.04,111.3,66,108.2,258,68.0,345,+.000,104,+9.21,102,110.9,86,101.7,123,+9.21,102
131,132,Akron,MAC,1-1,+3.03,104.3,171,101.3,98,70.4,246,+.000,104,+9.85,96,110.1,98,100.2,95,+9.85,96
132,133,Drake,MVC,1-0,+2.73,105.4,153,102.6,123,71.5,168,+.000,104,-99.00,354,0.0,354,200.0,354,-99.00,354
133,134,California,ACC,2-0,+2.69,106.5,134,103.8,143,73.0,68,+.000,94,-16.29,317,94.1,334,110.4,291,-16.29,317
134,135,Purdue Fort Wayne,Horz,1-1,+2.45,105.7,147,103.2,133,73.0,63,+.000,104,+17.16,46,111.2,80,94.0,17,+17.16,46
135,136,La Salle,A10,2-0,+2.28,104.4,169,102.1,112,69.7,288,+.000,93,-11.87,286,97.7,297,109.5,276,-11.87,286
136,137,East Carolina,Amer,2-0,+2.22,106.7,133,104.5,159,68.1,344,+.000,104,-13.69,304,95.5,314,109.2,272,-13.69,304
137,138,Middle Tennessee,CUSA,2-0,+2.21,102.0,228,99.8,80,70.3,253,+.000,104,-0.11,179,103.1,214,103.2,151,-0.11,179
138,139,George Washington,A10,2-0,+1.98,106.8,132,104.8,162,71.6,155,+.000,86,-19.93,342,94.3,330,114.3,343,-19.93,342
139,140,Ohio,MAC,1-1,+1.59,109.1,91,107.5,244,71.8,143,+.072,47,-2.60,206,104.9,181,107.5,239,-2.60,206
140,141,UC Riverside,BW,0-2,+1.55,107.5,116,105.9,186,71.4,174,-.057,312,+23.40,12,117.8,11,94.4,21,+23.40,12
141,142,New Mexico St.,CUSA,2-0,+1.50,103.2,195,101.7,102,69.7,287,+.000,104,-5.78,240,101.6,237,107.4,234,-5.78,240
142,143,Texas St.,SB,2-0,+1.39,103.2,197,101.8,103,68.8,323,+.000,104,-16.47,318,93.9,339,110.3,289,-16.47,318
143,144,Seattle,WAC,0-2,+1.28,104.5,166,103.2,130,70.6,220,-.087,326,-0.02,178,106.0,157,106.0,209,-0.02,178
144,145,Boston College,ACC,1-1,+1.27,104.4,167,103.2,129,70.5,233,+.125,36,-1.04,192,103.0,216,104.1,167,-1.04,192
145,146,Tulsa,Amer,2-0,+1.25,106.5,135,105.2,173,72.9,74,+.000,104,-24.13,350,93.5,342,117.6,353,-24.13,350
146,147,Columbia,Ivy,3-0,+1.05,108.8,94,107.8,251,72.9,73,+.098,41,-6.25,243,100.4,257,106.6,224,-6.25,243
147,148,Charlotte,Amer,1-1,+0.90,109.7,81,108.8,270,67.1,356,+.133,33,+3.81,150,109.4,110,105.6,204,+3.81,150
148,149,Samford,SC,1-1,+0.76,107.4,120,106.6,213,75.9,4,+.000,104,+3.80,151,109.1,113,105.3,200,+3.80,151
149,150,Duquesne,A10,0-2,+0.73,102.6,209,101.8,105,72.0,130,-.000,284,+5.60,126,109.5,109,103.9,160,+5.60,126
150,151,Loyola Marymount,WCC,1-1,+0.61,105.7,146,105.1,167,69.2,308,+.000,104,+4.69,139,104.1,197,99.4,83,+4.69,139
151,152,Winthrop,BSth,2-0,+0.59,104.9,158,104.4,155,72.3,100,+.000,104,-11.33,281,98.8,281,110.2,284,-11.33,281
152,153,Toledo,MAC,1-1,+0.45,109.5,85,109.1,285,72.9,75,+.002,76,+5.58,127,106.0,158,100.4,98,+5.58,127
153,154,UNC Wilmington,CAA,2-0,+0.42,106.3,140,105.9,187,71.0,205,+.000,104,-6.26,244,101.3,244,107.5,240,-6.26,244
154,155,Stephen F. Austin,Slnd,1-0,+0.39,102.9,202,102.5,119,72.7,83,+.000,104,-99.00,354,0.0,354,200.0,354,-99.00,354
155,156,Chattanooga,SC,0-2,+0.35,108.8,96,108.4,260,69.8,282,-.023,305,+19.63,33,115.9,23,96.3,45,+19.63,33
156,157,Hofstra,CAA,2-0,+0.25,105.0,154,104.8,160,70.8,210,+.000,104,-7.89,261,103.3,210,111.2,304,-7.89,261
157,158,Furman,SC,2-0,+0.20,105.4,152,105.2,168,71.1,195,+.000,104,+3.02,158,106.8,144,103.8,158,+3.02,158
158,159,Cal Baptist,WAC,2-0,+0.16,107.5,114,107.3,238,68.5,334,+.000,90,-12.43,290,100.6,254,113.0,328,-12.43,290
159,160,Southern Illinois,MVC,1-1,+0.11,104.2,174,104.1,145,73.8,35,+.000,104,+5.23,130,108.2,123,102.9,148,+5.23,130
160,161,UC Davis,BW,1-1,-0.08,101.9,230,102.0,107,73.7,36,+.039,57,+4.78,138,105.4,173,100.6,99,+4.78,138
161,162,Fordham,A10,1-1,-0.10,101.4,241,101.5,101,71.4,175,+.245,3,+18.30,39,111.8,69,93.5,13,+18.30,39
162,163,Appalachian St.,SB,1-1,-0.17,102.8,206,102.9,125,70.6,224,+.000,104,-7.85,259,99.7,267,107.5,241,-7.85,259
163,164,Youngstown St.,Horz,1-0,-0.33,103.7,186,104.0,144,72.0,129,+.000,104,-10.68,280,97.2,303,107.9,247,-10.68,280
164,165,Cornell,Ivy,2-0,-0.34,107.0,130,107.4,241,73.9,31,+.000,104,-3.38,212,105.3,175,108.7,261,-3.38,212
165,166,North Alabama,ASun,2-0,-0.51,105.7,145,106.3,200,71.0,204,+.000,104,-2.24,200,105.7,167,107.9,249,-2.24,200
166,167,Louisiana,SB,1-1,-0.53,103.3,194,103.8,142,71.5,167,+.000,104,-1.52,195,103.7,203,105.2,197,-1.52,195
167,168,DePaul,BE,2-0,-0.55,104.5,165,105.1,164,70.6,222,+.211,5,-19.71,341,93.4,343,113.1,330,-19.71,341
168,169,UNC Greensboro,SC,1-0,-0.78,105.0,155,105.8,185,68.7,328,+.000,104,-9.58,274,98.8,280,108.4,257,-9.58,274
169,170,Richmond,A10,1-1,-0.85,104.4,168,105.3,174,70.6,227,+.000,104,-9.78,275,98.9,277,108.7,263,-9.78,275
170,171,Northern Colorado,BSky,1-1,-0.96,105.6,149,106.5,210,72.4,96,+.000,104,+13.45,71,109.6,107,96.2,44,+13.45,71
171,172,South Dakota St.,Sum,2-0,-1.00,105.5,151,106.5,208,71.4,170,+.169,18,-4.31,227,103.6,206,107.9,248,-4.31,227
172,173,Northern Kentucky,Horz,0-2,-1.06,100.1,270,101.2,97,70.0,271,-.034,307,+20.44,27,115.1,32,94.7,25,+20.44,27
173,174,James Madison,SB,1-1,-1.20,104.9,159,106.1,195,69.8,283,+.051,53,-0.54,186,106.6,150,107.1,232,-0.54,186
174,175,North Florida,ASun,2-0,-1.21,105.5,150,106.7,220,71.9,137,+.176,14,+0.23,176,105.0,180,104.7,185,+0.23,176
175,176,Belmont,MVC,1-1,-1.45,104.6,163,106.0,191,72.9,76,+.000,104,-4.27,226,103.2,212,107.4,236,-4.27,226
176,177,Merrimack,MAAC,1-0,-1.47,98.7,294,100.2,85,69.9,276,+.000,104,-0.85,189,101.6,238,102.4,140,-0.85,189
177,178,Bryant,AE,1-1,-1.50,102.6,210,104.1,147,75.8,6,+.000,104,-15.51,314,93.6,340,109.2,271,-15.51,314
178,179,Longwood,BSth,2-0,-1.66,103.6,188,105.2,171,70.4,240,+.000,104,-19.39,339,95.1,317,114.5,345,-19.39,339
179,180,St. Thomas,Sum,2-0,-1.68,107.5,112,109.2,289,69.2,309,+.000,104,-7.64,256,104.1,194,111.8,313,-7.64,256
180,181,East Tennessee St.,SC,1-1,-1.74,105.0,156,106.7,218,69.7,285,+.000,104,-11.38,282,102.2,231,113.6,335,-11.38,282
181,182,Tulane,Amer,2-0,-1.75,103.8,181,105.6,182,74.3,19,+.000,104,-17.15,323,94.5,327,111.6,310,-17.15,323
182,183,Wright St.,Horz,2-1,-1.79,106.0,142,107.7,250,72.3,106,+.139,27,+12.19,78,111.5,75,99.3,81,+12.19,78
183,184,Georgia Southern,SB,1-1,-1.82,103.5,190,105.3,175,73.5,40,-.091,328,-6.34,245,101.9,232,108.3,255,-6.34,245
184,185,Illinois Chicago,MVC,2-0,-1.83,104.2,173,106.0,193,71.4,178,+.000,104,+0.35,175,105.2,176,104.8,189,+0.35,175
185,186,Jacksonville,ASun,1-1,-2.13,102.3,217,104.4,158,68.0,346,+.000,104,+24.15,9,119.5,4,95.4,33,+24.15,9
186,187,Marshall,SB,1-1,-2.38,103.8,184,106.2,196,72.7,85,+.000,104,-3.93,220,107.3,135,111.3,306,-3.93,220
187,188,Drexel,CAA,2-0,-2.40,102.4,215,104.8,161,68.4,336,+.000,104,-11.67,284,98.0,294,109.6,277,-11.67,284
188,189,Milwaukee,Horz,1-1,-2.59,106.4,138,109.0,279,72.1,125,+.000,104,+10.53,92,110.3,94,99.8,90,+10.53,92
189,190,UT Arlington,WAC,1-1,-2.62,106.4,136,109.1,284,72.6,90,+.000,104,+3.32,154,107.9,130,104.5,182,+3.32,154
190,191,Norfolk St.,MEAC,3-0,-2.72,104.1,176,106.8,221,70.3,250,+.000,104,-5.92,241,102.5,226,108.5,259,-5.92,241
191,192,Northeastern,CAA,1-0,-2.74,104.3,172,107.0,230,69.6,290,+.000,104,-4.33,228,103.6,204,108.0,250,-4.33,228
192,193,Nicholls,Slnd,1-2,-2.83,102.5,212,105.3,176,71.0,201,-.000,271,+4.62,140,106.1,156,101.5,117,+4.62,140
193,194,Montana,BSky,1-1,-2.87,104.7,162,107.6,245,69.1,313,+.000,104,+24.34,8,118.2,9,93.8,16,+24.34,8
194,195,Hawaii,BW,1-0,-3.09,101.3,246,104.3,154,70.0,272,+.000,104,-99.00,354,0.0,354,200.0,354,-99.00,354
195,196,Indiana St.,MVC,1-1,-3.22,103.7,185,107.0,229,74.5,14,+.000,104,+9.10,103,110.0,99,100.9,107,+9.10,103
196,197,Missouri St.,MVC,0-1,-3.23,100.0,271,103.2,131,69.8,278,+.000,104,+11.01,88,110.7,90,99.6,88,+11.01,88
197,198,Miami OH,MAC,1-1,-3.24,102.0,227,105.2,172,71.2,186,-.010,300,-0.99,190,104.4,189,105.4,201,-0.99,190
198,199,Southern Utah,WAC,2-0,-3.26,102.1,225,105.4,178,73.6,37,+.000,104,-12.41,289,96.1,310,108.5,258,-12.41,289
199,200,Iona,MAAC,0-2,-3.32,105.6,148,108.9,277,71.5,161,-.206,357,+9.23,101,110.6,91,101.4,115,+9.23,101
200,201,Kansas City,Sum,2-0,-3.33,103.3,193,106.6,216,70.5,230,+.000,104,-99.00,354,0.0,354,200.0,354,-99.00,354
201,202,Cleveland St.,Horz,1-2,-3.39,102.6,208,106.0,190,71.2,184,-.099,331,+21.31,20,115.0,36,93.7,14,+21.31,20
202,203,Georgia St.,SB,1-1,-3.69,103.4,192,107.1,232,71.5,165,+.197,10,+6.88,114,108.7,118,101.8,125,+6.88,114
203,204,Illinois St.,MVC,1-1,-3.71,101.4,242,105.1,165,69.3,303,-.186,354,-9.98,278,99.7,265,109.7,278,-9.98,278
204,205,Montana St.,BSky,0-2,-3.72,104.0,179,107.7,249,70.6,218,-.001,291,+16.50,51,114.3,41,97.8,59,+16.50,51
205,206,Southern Miss,SB,1-1,-3.87,101.6,238,105.5,179,73.0,66,+.051,52,-0.29,184,107.0,140,107.3,233,-0.29,184
206,207,UTEP,CUSA,1-1,-3.90,100.2,269,104.1,148,73.2,57,+.000,104,+7.96,109,105.9,161,97.9,61,+7.96,109
207,208,Harvard,Ivy,1-1,-3.93,103.6,189,107.5,243,71.2,188,-.135,338,-5.24,238,100.9,252,106.1,212,-5.24,238
208,209,Oakland,Horz,1-1,-3.96,102.7,207,106.7,219,70.1,265,+.000,104,+20.54,25,116.0,22,95.5,34,+20.54,25
209,210,UNC Asheville,BSth,0-2,-3.97,104.9,157,108.9,276,71.5,164,-.189,355,+18.17,40,117.2,15,99.0,77,+18.17,40
210,211,Mercer,SC,1-0,-4.03,102.9,203,106.9,226,74.0,25,+.000,104,-99.00,354,0.0,354,200.0,354,-99.00,354
211,212,Bucknell,PL,2-1,-4.19,101.0,252,105.2,169,70.8,213,+.224,4,+2.39,163,106.5,151,104.1,168,+2.39,163
212,213,Weber St.,BSky,1-1,-4.29,101.8,232,106.1,194,69.2,311,+.000,104,+11.25,85,108.8,115,97.6,58,+11.25,85
213,214,Evansville,MVC,1-1,-4.30,102.2,223,106.5,207,71.5,162,+.000,104,+15.76,54,112.0,64,96.3,46,+15.76,54
214,215,Kennesaw St.,CUSA,1-1,-4.31,104.7,161,109.0,282,76.0,3,+.000,104,+4.60,141,109.7,105,105.1,194,+4.60,141
215,216,Saint Peter's,MAAC,0-2,-4.32,97.8,309,102.1,110,68.0,347,-.001,293,+9.46,100,108.1,125,98.7,73,+9.46,100
216,217,Wyoming,MWC,1-0,-4.40,101.6,237,106.0,192,68.5,332,+.000,104,-99.00,354,0.0,354,200.0,354,-99.00,354
217,218,Portland St.,BSky,1-1,-4.49,102.1,226,106.6,214,74.3,17,+.000,104,+10.97,89,112.4,61,101.5,116,+10.97,89
218,219,Grambling St.,SWAC,1-1,-4.52,99.7,277,104.2,149,70.1,266,+.000,104,+17.49,43,115.7,25,98.2,67,+17.49,43
219,220,Texas A&M Corpus Chris,Slnd,1-1,-4.52,102.6,211,107.1,233,72.7,82,+.000,104,+27.55,3,120.9,2,93.3,10,+27.55,3
220,221,CSUN,BW,1-1,-4.54,99.7,278,104.2,150,75.8,5,-.060,313,-1.02,191,105.0,179,106.0,210,-1.02,191
221,222,Florida Gulf Coast,ASun,0-2,-4.62,101.3,245,105.9,188,68.1,343,-.007,298,+11.86,82,110.9,85,99.0,79,+11.86,82
222,223,Abilene Christian,WAC,1-1,-4.66,100.8,256,105.5,180,72.3,101,+.000,104,-2.34,203,99.7,266,102.0,134,-2.34,203
223,224,Howard,MEAC,0-2,-4.83,102.2,220,107.0,231,71.2,185,-.014,303,+23.70,10,118.3,8,94.6,24,+23.70,10
224,225,Central Connecticut,NEC,1-1,-4.89,99.4,283,104.3,153,68.7,327,-.045,310,+12.81,76,109.7,104,96.9,53,+12.81,76
225,226,South Alabama,SB,1-1,-4.95,102.2,218,107.2,235,69.6,289,-.063,315,-4.91,234,101.2,246,106.1,211,-4.91,234
226,227,Marist,MAAC,1-1,-4.98,101.3,244,106.3,202,68.4,339,+.087,44,+2.38,164,106.4,155,104.0,166,+2.38,164
227,228,UTSA,Amer,1-0,-4.99,103.5,191,108.5,261,73.4,45,+.000,104,-99.00,354,0.0,354,200.0,354,-99.00,354
228,229,Rice,Amer,1-1,-5.04,101.5,239,106.5,211,71.3,181,+.027,62,-2.86,208,101.1,247,103.9,163,-2.86,208
229,230,Pepperdine,WCC,1-1,-5.18,103.0,200,108.2,257,71.1,190,+.037,58,-1.83,197,103.5,207,105.3,199,-1.83,197
230,231,Austin Peay,ASun,2-0,-5.19,102.4,214,107.6,246,68.9,319,+.000,104,+11.08,87,110.7,89,99.6,87,+11.08,87
231,232,Jacksonville St.,CUSA,1-1,-5.29,101.6,236,106.9,227,69.3,300,+.000,104,-2.11,199,105.7,163,107.9,246,-2.11,199
232,233,Quinnipiac,MAAC,1-2,-5.45,101.2,248,106.6,215,74.0,26,-.000,282,+17.49,44,113.9,46,96.4,47,+17.49,44
233,234,Gardner Webb,BSth,1-1,-5.47,102.2,219,107.7,248,71.6,151,+.133,32,+12.16,79,110.2,95,98.0,64,+12.16,79
234,235,Navy,PL,1-1,-5.50,100.4,263,105.9,189,70.2,258,+.050,54,+0.66,173,105.4,172,104.7,186,+0.66,173
235,236,Penn,Ivy,2-0,-5.59,104.8,160,110.4,315,69.5,295,+.000,104,-18.42,334,93.6,341,112.0,317,-18.42,334
236,237,Long Beach St.,BW,1-1,-6.02,103.1,198,109.1,286,71.9,135,+.000,104,+3.51,152,107.7,132,104.2,174,+3.51,152
237,238,Ball St.,MAC,1-1,-6.16,101.5,240,107.6,247,70.2,256,+.000,104,+0.93,169,105.7,165,104.8,188,+0.93,169
238,239,American,PL,0-1,-6.37,102.3,216,108.7,265,66.4,362,+.000,104,+7.29,112,106.9,143,99.6,86,+7.29,112
239,240,Pacific,WCC,2-0,-6.47,101.8,231,108.3,259,72.3,103,+.000,104,-7.25,253,98.9,276,106.2,214,-7.25,253
240,241,Brown,Ivy,0-1,-6.56,102.2,224,108.7,268,70.1,264,+.000,104,-6.36,246,98.2,287,104.6,183,-6.36,246
241,242,South Dakota,Sum,2-0,-6.69,104.2,175,110.8,323,74.9,10,+.010,68,-17.77,329,92.8,346,110.6,293,-17.77,329
242,243,Eastern Kentucky,ASun,2-0,-6.76,104.5,164,111.3,328,72.0,134,+.000,104,+2.87,159,107.3,136,104.4,179,+2.87,159
243,244,Colgate,PL,1-1,-6.86,100.4,265,107.2,237,70.5,239,+.000,104,+2.40,162,104.8,183,102.4,139,+2.40,162
244,245,North Dakota St.,Sum,1-1,-6.91,103.8,183,110.7,321,69.3,304,+.000,104,-8.54,268,99.0,275,107.5,238,-8.54,268
245,246,Little Rock,OVC,1-1,-6.97,101.0,253,108.0,253,73.3,51,+.000,104,+4.95,135,107.1,139,102.2,136,+4.95,135
246,247,Northern Arizona,BSky,2-0,-6.97,102.8,205,109.8,300,71.1,193,+.000,104,-99.00,354,0.0,354,200.0,354,-99.00,354
247,248,Valparaiso,MVC,1-1,-7.01,102.2,222,109.2,290,71.4,177,+.000,104,+7.73,111,108.3,122,100.6,100,+7.73,111
248,249,Central Michigan,MAC,1-1,-7.03,99.8,274,106.8,223,69.8,280,-.165,344,-6.59,247,101.7,235,108.3,256,-6.59,247
249,250,Radford,BSth,1-1,-7.10,103.0,199,110.1,305,68.8,321,+.148,24,+5.63,125,109.2,112,103.6,154,+5.63,125
250,251,William & Mary,CAA,1-1,-7.13,102.9,204,110.0,301,72.8,79,+.000,104,-2.48,205,105.4,174,107.8,245,-2.48,205
251,252,Albany,AE,1-1,-7.14,99.8,275,106.9,225,73.3,52,+.000,104,-4.07,224,102.5,227,106.6,223,-4.07,224
252,253,Eastern Washington,BSky,1-1,-7.17,104.0,180,111.1,325,73.5,42,+.135,30,+5.08,133,105.9,160,100.8,104,+5.08,133
253,254,Texas Southern,SWAC,1-1,-7.18,97.2,323,104.4,156,72.1,123,+.000,104,+18.64,37,117.1,17,98.4,71,+18.64,37
254,255,Air Force,MWC,1-1,-7.20,103.2,196,110.4,316,65.8,363,+.128,35,-7.89,262,101.2,245,109.1,268,-7.89,262
255,256,San Jose St.,MWC,0-2,-7.25,98.9,289,106.2,198,68.8,326,-.062,314,-10.27,279,98.7,283,109.0,266,-10.27,279
256,257,Rider,MAAC,2-1,-7.28,99.0,286,106.3,201,70.3,248,+.297,1,-0.67,187,101.0,249,101.7,122,-0.67,187
257,258,Maine,AE,1-1,-7.38,98.8,293,106.2,197,70.4,244,+.000,104,+32.38,1,122.1,1,89.7,2,+32.38,1
258,259,Oral Roberts,Sum,1-1,-7.54,102.5,213,110.0,302,70.5,232,+.000,104,+16.51,50,112.4,63,95.9,38,+16.51,50
259,260,Lafayette,PL,0-2,-7.61,97.9,307,105.5,181,70.6,223,-.003,295,+13.20,73,112.0,65,98.8,75,+13.20,73
260,261,San Diego,WCC,1-1,-7.62,98.6,297,106.2,199,71.8,144,-.233,364,-12.91,294,97.7,296,110.7,295,-12.91,294
261,262,Southern,SWAC,0-2,-7.64,97.5,317,105.1,166,71.6,153,-.000,274,+8.96,104,112.6,57,103.7,156,+8.96,104
262,263,Fresno St.,MWC,1-0,-7.64,97.6,313,105.2,170,74.2,21,+.000,104,-15.11,308,94.0,337,109.1,269,-15.11,308
263,264,Idaho St.,BSky,0-2,-7.69,98.7,295,106.4,204,67.7,354,-.000,276,+17.05,48,111.9,68,94.9,28,+17.05,48
264,265,Monmouth,CAA,0-2,-7.77,101.7,235,109.4,294,72.5,94,-.000,278,+13.40,72,111.6,73,98.2,66,+13.40,72
265,266,North Dakota,Sum,0-1,-7.88,101.0,254,108.9,271,71.5,166,+.000,104,+14.84,62,110.9,87,96.0,40,+14.84,62
266,267,Presbyterian,BSth,1-2,-8.05,104.0,178,112.1,341,68.9,317,+.000,270,+12.08,80,114.0,44,101.9,131,+12.08,80
267,268,Bowling Green,MAC,0-2,-8.13,102.2,221,110.3,311,73.0,69,-.000,288,-0.21,182,104.7,185,104.9,190,-0.21,182
268,269,Cal St. Fullerton,BW,0-2,-8.15,98.4,299,106.5,209,70.3,251,-.086,324,+15.23,57,113.5,51,98.3,68,+15.23,57
269,270,FIU,CUSA,0-2,-8.20,98.2,302,106.4,203,74.7,11,-.000,286,+0.15,177,104.0,199,103.8,159,+0.15,177
270,271,Stony Brook,CAA,1-1,-8.22,101.2,247,109.5,295,70.3,252,+.249,2,+12.07,81,110.5,93,98.5,72,+12.07,81
271,272,Queens,ASun,2-0,-8.25,98.2,301,106.4,206,75.2,8,+.000,104,-13.54,301,95.0,320,108.6,260,-13.54,301
272,273,Elon,CAA,1-1,-8.29,100.7,258,109.0,280,71.0,203,+.000,104,+25.44,5,120.3,3,94.9,26,+25.44,5
273,274,Alabama St.,SWAC,0-1,-8.57,100.3,266,108.9,274,71.1,189,+.000,104,+12.38,77,113.7,49,101.3,112,+12.38,77
274,275,Lamar,Slnd,1-0,-8.60,100.8,257,109.4,292,71.6,157,+.000,104,-99.00,354,0.0,354,200.0,354,-99.00,354
275,276,Delaware,CAA,1-1,-8.63,100.4,264,109.1,283,73.3,50,+.136,29,-11.74,285,97.8,295,109.5,275,-11.74,285
276,277,Wagner,NEC,1-1,-8.63,97.1,326,105.7,183,67.0,358,+.000,104,+17.93,42,109.8,102,91.8,6,+17.93,42
277,278,Tarleton St.,WAC,0-2,-8.66,99.9,273,108.5,262,71.5,169,-.000,279,+9.53,98,111.3,79,101.7,124,+9.53,98
278,279,North Carolina A&T,CAA,1-1,-8.69,99.4,282,108.1,255,73.1,61,+.000,104,+17.07,47,111.4,76,94.4,20,+17.07,47
279,280,Lehigh,PL,0-2,-8.70,100.0,272,108.6,264,72.7,86,-.160,343,+16.73,49,113.7,50,96.9,54,+16.73,49
280,281,Coastal Carolina,SB,1-1,-8.70,98.0,306,106.7,217,68.3,340,+.010,67,-4.67,232,102.7,224,107.4,235,-4.67,232
281,282,Army,PL,1-1,-8.71,100.2,268,108.9,275,67.9,348,+.181,13,+10.07,94,109.7,106,99.6,85,+10.07,94
282,283,Tennessee St.,OVC,1-1,-8.72,98.6,296,107.4,240,72.4,97,+.000,104,+14.78,64,110.8,88,96.0,42,+14.78,64
283,284,Nebraska Omaha,Sum,2-1,-8.86,100.7,262,109.5,296,70.9,208,+.050,55,+5.04,134,107.9,131,102.8,143,+5.04,134
284,285,Mount St. Mary's,MAAC,1-1,-8.88,98.0,304,106.9,224,71.8,145,+.000,104,+22.79,16,112.6,60,89.8,4,+22.79,16
285,286,Idaho,BSky,1-1,-8.89,100.3,267,109.2,288,69.6,292,+.000,104,-4.59,229,99.6,268,104.2,173,-4.59,229
286,287,Bethune Cookman,SWAC,0-2,-8.89,98.2,300,107.1,234,72.3,104,-.174,350,+20.98,23,114.1,43,93.1,8,+20.98,23
287,288,North Carolina Central,MEAC,0-2,-8.94,100.7,261,109.6,297,70.8,212,-.079,322,+0.80,170,104.5,187,103.7,155,+0.80,170
288,289,Charleston Southern,BSth,0-2,-8.98,101.4,243,110.3,312,71.7,148,-.000,280,+13.15,74,112.7,56,99.6,84,+13.15,74
289,290,South Carolina St.,MEAC,1-1,-8.99,99.7,276,108.7,266,73.0,67,+.000,104,+14.50,68,111.1,83,96.6,50,+14.50,68
290,291,Old Dominion,SB,0-2,-9.07,99.7,280,108.7,267,72.0,128,-.232,363,+5.41,128,108.6,120,103.2,152,+5.41,128
291,292,Boston University,PL,0-2,-9.25,101.2,249,110.4,317,67.8,353,-.008,299,-5.22,237,101.4,240,106.6,225,-5.22,237
292,293,Fairfield,MAAC,0-2,-9.26,97.3,321,106.6,212,72.1,126,-.072,320,+11.25,84,112.4,62,101.2,109,+11.25,84
293,294,Western Carolina,SC,1-1,-9.26,97.2,324,106.4,205,72.1,117,+.000,104,-3.97,222,100.3,259,104.3,177,-3.97,222
294,295,UT Rio Grande Valley,Slnd,0-2,-9.29,101.1,251,110.4,313,73.6,38,-.000,289,+20.47,26,115.4,27,94.9,27,+20.47,26
295,296,Western Illinois,OVC,1-1,-9.36,98.0,305,107.3,239,67.9,351,+.134,31,-1.31,194,103.4,209,104.7,187,-1.31,194
296,297,Southeastern Louisiana,Slnd,1-0,-9.45,99.5,281,108.9,273,70.4,241,+.000,104,-99.00,354,0.0,354,200.0,354,-99.00,354
297,298,Cal St. Bakersfield,BW,1-1,-9.64,97.7,310,107.4,242,69.2,310,+.000,104,+7.28,113,108.8,116,101.5,119,+7.28,113
298,299,Morehead St.,OVC,1-2,-9.88,97.4,318,107.2,236,69.5,297,-.000,285,+20.90,24,115.1,31,94.2,18,+20.90,24
299,300,Campbell,CAA,1-1,-10.02,99.7,279,109.7,299,68.6,331,+.000,104,+13.59,70,109.6,108,96.0,41,+13.59,70
300,301,UMBC,AE,1-1,-10.16,101.7,234,111.9,337,75.1,9,+.000,104,+20.10,30,115.2,30,95.1,30,+20.10,30
301,302,Utah Tech,WAC,0-2,-10.35,99.3,284,109.6,298,72.7,80,-.011,301,+3.91,148,104.8,184,100.9,106,+3.91,148
302,303,Robert Morris,Horz,0-2,-10.38,99.0,287,109.3,291,71.4,176,-.178,351,+5.21,131,107.1,138,101.9,130,+5.21,131
303,304,Sacramento St.,BSky,1-1,-10.60,96.2,335,106.8,222,69.2,307,+.000,104,-3.14,209,99.8,263,103.0,149,-3.14,209
304,305,Stetson,ASun,1-1,-10.84,101.1,250,112.0,339,70.2,259,+.000,104,-13.51,299,98.3,285,111.9,316,-13.51,299
305,306,Siena,MAAC,2-0,-11.12,95.8,341,107.0,228,69.5,296,+.004,72,-3.93,221,102.4,229,106.3,218,-3.93,221
306,307,Western Michigan,MAC,1-1,-11.34,98.9,292,110.2,307,70.3,249,+.000,104,-3.88,218,100.4,256,104.3,176,-3.88,218
307,308,Canisius,MAAC,0-2,-11.57,102.0,229,113.5,355,70.6,221,-.068,317,+15.11,58,113.1,54,98.0,62,+15.11,58
308,309,Eastern Michigan,MAC,1-1,-11.61,96.3,334,107.9,252,69.3,299,+.000,104,+6.25,121,105.6,168,99.3,82,+6.25,121
309,310,Incarnate Word,Slnd,1-1,-11.64,100.9,255,112.5,346,72.2,109,+.000,104,+4.84,137,109.8,101,105.0,191,+4.84,137
310,311,Dartmouth,Ivy,2-0,-12.03,96.1,337,108.1,256,70.7,216,+.000,104,-18.87,336,94.8,322,113.6,336,-18.87,336
311,312,Portland,WCC,1-1,-12.26,100.7,259,113.0,349,72.2,112,+.000,104,+0.56,174,105.2,177,104.6,184,+0.56,174
312,313,Northwestern St.,Slnd,1-1,-12.35,98.9,290,111.3,327,71.1,194,+.000,104,+26.71,4,118.9,5,92.2,7,+26.71,4
313,314,Green Bay,Horz,0-2,-12.36,101.8,233,114.1,360,70.9,209,-.000,272,+3.49,153,107.4,134,103.9,161,+3.49,153
314,315,Bellarmine,ASun,0-2,-12.44,100.7,260,113.1,350,67.8,352,-.118,336,-0.77,188,103.2,213,103.9,162,-0.77,188
315,316,Southern Indiana,OVC,0-2,-12.71,97.5,315,110.3,309,70.2,260,-.083,323,-2.37,204,102.8,223,105.2,196,-2.37,204
316,317,Manhattan,MAAC,0-1,-12.73,96.3,333,109.0,281,71.6,152,+.000,104,+22.80,15,112.6,59,89.8,3,+22.80,15
317,318,Louisiana Monroe,SB,1-2,-12.76,96.7,329,109.4,293,70.9,206,-.029,306,+11.23,86,111.1,82,99.8,92,+11.23,86
318,319,SIUE,OVC,1-2,-12.82,97.3,322,110.1,304,70.6,219,-.006,297,+22.27,18,116.5,21,94.3,19,+22.27,18
319,320,Tennessee Martin,OVC,2-0,-12.83,95.7,342,108.6,263,74.5,15,+.000,104,+0.77,171,103.6,205,102.8,144,+0.77,171
320,321,Denver,Sum,1-1,-12.84,99.1,285,112.0,338,72.6,87,+.000,104,+14.53,66,113.3,53,98.7,74,+14.53,66
321,322,Tennessee Tech,OVC,1-1,-12.86,97.4,319,110.2,308,70.5,234,+.000,104,+13.98,69,112.0,67,98.0,65,+13.98,69
322,323,Jackson St.,SWAC,0-2,-12.88,96.0,340,108.9,272,71.8,146,-.169,348,+21.52,19,117.7,12,96.1,43,+21.52,19
323,324,Binghamton,AE,1-1,-12.90,98.9,291,111.8,336,70.5,238,+.000,104,+20.37,28,115.4,28,95.0,29,+20.37,28
324,325,Northern Illinois,MAC,1-1,-13.02,97.5,316,110.6,319,71.8,142,+.000,104,+2.57,161,105.7,166,103.1,150,+2.57,161
325,326,Hampton,CAA,1-1,-13.68,97.1,325,110.8,322,72.1,119,+.000,104,+6.46,119,109.0,114,102.5,141,+6.46,119
326,327,Niagara,MAAC,1-1,-13.69,97.6,314,111.3,326,70.4,245,+.000,104,+22.78,17,114.6,39,91.8,5,+22.78,17
327,328,Cal Poly,BW,0-2,-13.90,95.1,349,108.9,278,72.9,72,-.044,308,+10.81,90,111.2,81,100.4,97,+10.81,90
328,329,West Georgia,ASun,0-2,-14.32,97.7,311,112.1,340,72.2,113,-.001,290,+20.11,29,115.7,24,95.6,35,+20.11,29
329,330,Sacred Heart,MAAC,0-3,-14.43,97.0,327,111.4,333,73.8,34,-.150,341,+9.93,95,109.7,103,99.8,91,+9.93,95
330,331,New Hampshire,AE,1-2,-14.44,96.6,330,111.0,324,73.9,30,-.000,287,+19.88,31,115.0,35,95.1,31,+19.88,31
331,332,Buffalo,MAC,2-0,-14.66,98.9,288,113.6,357,72.4,99,+.000,104,-4.63,230,101.9,234,106.5,222,-4.63,230
332,333,Eastern Illinois,OVC,1-1,-14.73,95.5,346,110.2,306,72.2,110,+.000,104,+24.36,7,118.9,7,94.5,23,+24.36,7
333,334,Le Moyne,NEC,1-2,-14.76,98.2,303,112.9,348,72.0,127,-.153,342,+2.04,165,105.7,164,103.7,157,+2.04,165
334,335,Southeast Missouri,OVC,0-1,-14.84,95.6,345,110.5,318,72.8,78,+.000,104,+11.47,83,111.6,74,100.1,93,+11.47,83
335,336,Morgan St.,MEAC,1-2,-14.91,97.3,320,112.2,345,73.3,54,-.100,332,-9.33,273,99.9,262,109.2,273,-9.33,273
336,337,The Citadel,SC,1-1,-14.97,95.7,343,110.6,320,69.6,291,+.000,104,+5.99,124,106.8,145,100.8,103,+5.99,124
337,338,Chicago St.,NEC,0-2,-15.20,94.9,350,110.1,303,71.1,192,-.074,321,+3.94,147,105.8,162,101.8,127,+3.94,147
338,339,Central Arkansas,ASun,0-2,-15.31,96.0,339,111.3,329,72.9,77,-.000,281,+19.64,32,115.3,29,95.7,36,+19.64,32
339,340,Holy Cross,PL,0-2,-15.34,98.4,298,113.8,358,70.6,226,-.011,302,+14.79,63,113.8,47,99.0,78,+14.79,63
340,341,Delaware St.,MEAC,0-2,-15.39,92.6,358,108.0,254,72.2,107,-.000,275,+8.79,105,111.7,71,102.9,146,+8.79,105
341,342,Alabama A&M,SWAC,1-0,-15.50,93.3,357,108.8,269,73.1,60,+.000,104,-99.00,354,0.0,354,200.0,354,-99.00,354
342,343,Loyola MD,PL,1-1,-15.60,94.7,352,110.3,310,71.6,160,+.000,104,-3.39,213,106.6,147,110.0,282,-3.39,213
343,344,Detroit Mercy,Horz,1-1,-15.62,97.7,312,113.3,352,69.5,293,+.000,104,+12.82,75,110.1,97,97.3,55,+12.82,75
344,345,NJIT,AE,0-2,-15.79,94.6,353,110.4,314,68.6,330,-.228,362,+4.42,143,109.8,100,105.4,203,+4.42,143
345,346,Alcorn St.,SWAC,0-2,-16.34,97.8,308,114.2,361,69.7,286,-.000,283,+18.35,38,115.1,34,96.7,51,+18.35,38
346,347,Lindenwood,OVC,1-1,-16.59,95.1,348,111.7,334,71.4,171,+.000,104,+21.13,22,114.3,42,93.2,9,+21.13,22
347,348,USC Upstate,BSth,1-2,-16.77,96.8,328,113.5,354,71.9,138,-.001,292,+14.96,60,114.0,45,99.0,76,+14.96,60
348,349,New Orleans,Slnd,0-2,-16.88,96.0,338,112.9,347,72.2,111,-.001,294,+9.48,99,106.9,142,97.4,56,+9.48,99
349,350,Saint Francis,NEC,0-2,-16.89,95.2,347,112.1,344,71.0,199,-.000,277,+23.24,14,116.7,20,93.4,11,+23.24,14
350,351,Mercyhurst,NEC,2-1,-17.11,96.1,336,113.2,351,69.5,294,+.156,23,-1.97,198,104.3,191,106.3,215,-1.97,198
351,352,Prairie View A&M,SWAC,1-1,-17.50,93.9,355,111.4,331,74.4,16,+.000,104,+3.86,149,106.7,146,102.9,145,+3.86,149
352,353,VMI,SC,2-0,-17.86,94.2,354,112.1,342,74.6,13,+.000,104,-7.88,260,103.0,219,110.9,298,-7.88,260
353,354,Fairleigh Dickinson,NEC,1-1,-18.15,96.4,332,114.6,362,74.3,18,+.000,104,+19.38,34,116.8,18,97.5,57,+19.38,34
354,355,LIU,NEC,1-1,-18.39,93.7,356,112.1,343,73.9,32,+.000,104,+17.25,45,115.6,26,98.3,69,+17.25,45
355,356,Florida A&M,SWAC,0-2,-19.00,92.4,361,111.4,330,72.2,114,-.006,296,+18.04,41,114.9,37,96.9,52,+18.04,41
356,357,Texas A&M Commerce,Slnd,0-3,-19.24,92.5,360,111.8,335,72.3,102,-.066,316,+14.98,59,114.7,38,99.7,89,+14.98,59
357,358,Houston Christian,Slnd,1-1,-19.26,94.8,351,114.1,359,71.8,147,+.000,104,+23.26,13,116.7,19,93.4,12,+23.26,13
358,359,Arkansas Pine Bluff,SWAC,1-2,-19.84,95.6,344,115.5,363,74.1,22,-.044,309,+15.49,55,113.4,52,97.9,60,+15.49,55
359,360,Stonehill,NEC,1-2,-19.90,91.5,362,111.4,332,71.4,173,-.000,273,+16.18,53,111.4,77,95.2,32,+16.18,53
360,361,IU Indy,Horz,1-1,-19.95,96.4,331,116.4,364,70.3,247,+.000,104,+18.75,35,117.1,16,98.4,70,+18.75,35
361,362,Maryland Eastern Shore,MEAC,1-2,-20.95,92.6,359,113.5,353,71.1,196,-.228,361,+6.61,116,110.6,92,104.0,165,+6.61,116
362,363,Coppin St.,MEAC,0-3,-22.70,86.5,364,109.2,287,70.0,270,-.087,325,+6.09,123,107.7,133,101.6,121,+6.09,123
363,364,Mississippi Valley St.,SWAC,1-1,-26.32,87.2,363,113.6,356,70.1,269,+.000,104,+28.95,2,117.5,14,88.5,1,+28.95,2
